_id,no,evseId,connectorId,tariffId,siteId,idTag,meterStart,meterStop,cost,userCost,begin,end,id,userId,energyDelivered,finishedAt,lastUpdated,chargingTime
67df45afc1cf68c4cbfe4da3,11059,63f7a0792bb4b7001231f198,1,601adcb1a8ba4141042532c2,63722d1ffaf87162cc48fe46,05C05549,130807,130832,0.003,0.003,2023-03-06T12:24:04.045Z,2023-03-06T12:24:36.620Z,6405db64e338290014900959,5f92f8a6aaafd5300493b6d0,0.025,2023-03-06T15:48:54.504Z,,
67df45afc1cf68c4cbfe4da4,11060,63f7a0792bb4b7001231f198,1,601adcb1a8ba4141042532c2,63722d1ffaf87162cc48fe46,05C05549,130936,130962,0.003,0.003,2023-03-06T12:41:31.242Z,2023-03-06T12:42:03.889Z,6405df7be3382900149009d9,5f92f8a6aaafd5300493b6d0,0.026,2023-03-06T15:48:54.591Z,,
67df45afc1cf68c4cbfe4da5,11061,63f7a0792bb4b7001231f198,1,601adcb1a8ba4141042532c2,63722d1ffaf87162cc48fe46,05C05549,130962,131008,0.005,0.005,2023-03-06T16:02:25.771Z,2023-03-06T16:03:21.262Z,64060e913e88426b00480247,5f92f8a6aaafd5300493b6d0,0.046,2023-03-06T16:25:34.262Z,,
67df45afc1cf68c4cbfe4da6,11062,63f7a0792bb4b7001231f198,1,601adcb1a8ba4141042532c2,63722d1ffaf87162cc48fe46,05C05549,131008,131127,0.012,0.012,2023-03-06T16:05:17.733Z,2023-03-06T16:07:35.064Z,64060f3d3e88426b0048024f,5f92f8a6aaafd5300493b6d0,0.119,2023-03-06T16:25:34.349Z,,
67df45afc1cf68c4cbfe4da7,11063,63f7a0792bb4b7001231f198,1,601adcb1a8ba4141042532c2,63722d1ffaf87162cc48fe46,05C05549,131127,131264,0.014,0.014,2023-03-06T16:09:36.149Z,2023-03-06T16:12:27.790Z,64061040f7b2603b402e7ad5,5f92f8a6aaafd5300493b6d0,0.137,2023-03-10T09:38:59.431Z,,
67df45afc1cf68c4cbfe4da8,11064,63f7a0792bb4b7001231f198,1,601adcb1a8ba4141042532c2,63722d1ffaf87162cc48fe46,05C05549,131264,131344,0.008,0.008,2023-03-06T16:12:37.760Z,2023-03-06T16:14:35.790Z,640610f5773c066ebcf2156d,5f92f8a6aaafd5300493b6d0,0.08,2023-03-10T09:38:59.434Z,,
67df45afc1cf68c4cbfe4da9,11065,63f7a0792bb4b7001231f198,1,601adcb1a8ba4141042532c2,63722d1ffaf87162cc48fe46,05C05549,131344,133545,,,2023-03-13T14:13:52.002Z,2023-03-13T14:13:52.499Z,640f2fa0c313db00180694f0,5f92f8a6aaafd5300493b6d0,2.201,2023-03-16T15:52:01.192Z,,
67df45afc1cf68c4cbfe4daa,11066,63f7a0792bb4b7001231f198,1,601adcb1a8ba4141042532c2,63722d1ffaf87162cc48fe46,B333E6AD,133545,133551,,,2023-03-13T14:25:13.570Z,2023-03-13T14:25:30.406Z,640f3249c313db0018069507,640f0585c313db0018069244,0.006,2023-03-16T15:52:01.194Z,,
67df45afc1cf68c4cbfe4dab,11067,63f7a0792bb4b7001231f198,1,601adcb1a8ba4141042532c2,63722d1ffaf87162cc48fe46,B333E6AD,133551,133551,,,2023-03-13T14:25:37.150Z,2023-03-13T14:25:44.006Z,640f3261c313db001806950c,640f0585c313db0018069244,0,2023-03-16T15:52:01.197Z,,
67df45afc1cf68c4cbfe4dac,11068,63f7a0792bb4b7001231f198,1,601adcb1a8ba4141042532c2,63722d1ffaf87162cc48fe46,76223892,133551,133552,,,2023-03-13T14:25:59.945Z,2023-03-13T14:26:08.835Z,640f3277c313db0018069511,640f0585c313db0018069244,0.001,2023-03-16T15:52:01.200Z,,
67df45afc1cf68c4cbfe4dad,11069,63f7a0792bb4b7001231f198,1,601adcb1a8ba4141042532c2,63722d1ffaf87162cc48fe46,C57C5849,133552,140323,0.687,0.687,2023-03-13T14:26:21.237Z,2023-03-13T17:26:40.495Z,640f328dc313db0018069516,640f0585c313db0018069244,6.771,2023-03-16T15:52:01.204Z,,
67df45afc1cf68c4cbfe4dae,11070,63f7a0792bb4b7001231f198,1,601adcb1a8ba4141042532c2,63722d1ffaf87162cc48fe46,C57C5849,140323,146417,-1.977,-1.977,2023-04-03T16:50:14.522Z,2023-04-03T18:41:03.278Z,642b03c641976400185c972c,640f0585c313db0018069244,6.094,2023-04-05T09:50:02.437Z,,
67df45afc1cf68c4cbfe4daf,11073,63f7a0792bb4b7001231f198,1,601adcb1a8ba4141042532c2,63722d1ffaf87162cc48fe46,B333E6AD,146417,153637,0.733,0.733,2023-04-07T14:10:14.745Z,2023-04-07T17:12:02.936Z,643024468948210012dd7c23,640f0585c313db0018069244,7.22,2023-04-17T16:10:41.780Z,,
67df45afc1cf68c4cbfe4db0,11074,63f7a0792bb4b7001231f198,1,601adcb1a8ba4141042532c2,63722d1ffaf87162cc48fe46,B5485549,153637,156518,0.292,0.292,2023-04-18T16:24:07.425Z,2023-04-18T17:14:55.588Z,643ec42733af020012738a9a,643d70b933af02001273760d,2.881,2023-04-27T08:28:32.378Z,,
67df45afc1cf68c4cbfe4db1,11075,63f7a0792bb4b7001231f198,1,601adcb1a8ba4141042532c2,63722d1ffaf87162cc48fe46,B5485549,156518,161359,-2.388,-2.388,2023-04-20T17:29:31.014Z,2023-04-20T18:55:47.430Z,6441767b33af02001273b427,643d70b933af02001273760d,4.841,2023-04-27T08:28:32.468Z,,
67df45afc1cf68c4cbfe4db2,11076,63f7a0792bb4b7001231f198,1,601adcb1a8ba4141042532c2,63722d1ffaf87162cc48fe46,B333E6AD,161359,167990,0.769,0.769,2023-04-26T08:59:49.751Z,2023-04-26T14:03:04.116Z,6448e80533af0200127428dd,640f0585c313db0018069244,6.631,2023-04-27T08:28:32.557Z,,
67df45afc1cf68c4cbfe4db3,11093,63f7a0792bb4b7001231f198,1,601adcb1a8ba4141042532c2,63722d1ffaf87162cc48fe46,B5485549,167990,168004,0.001,0.001,2023-04-28T14:08:32.296Z,2023-04-28T14:09:32.536Z,644bd3600fce6e6858454cae,643d70b933af02001273760d,0.014,2023-04-28T15:40:28.117Z,,
67df45afc1cf68c4cbfe4db4,11094,63f7a0792bb4b7001231f198,1,601adcb1a8ba4141042532c2,63722d1ffaf87162cc48fe46,B333E6AD,168004,169296,0.155,0.155,2023-05-02T08:16:22.441Z,2023-05-02T08:39:24.108Z,6450c6d6cf6be1414c2c2c1a,640f0585c313db0018069244,1.292,2023-05-02T10:04:26.713Z,,
67df45afc1cf68c4cbfe4db5,11095,63f7a0792bb4b7001231f198,1,601adcb1a8ba4141042532c2,63722d1ffaf87162cc48fe46,B333E6AD,169296,169597,0.036,0.036,2023-05-02T08:40:03.289Z,2023-05-02T08:45:32.949Z,6450cc6370332c2a04301f37,640f0585c313db0018069244,0.301,2023-05-02T10:04:26.810Z,,
67df45afc1cf68c4cbfe4db6,11096,63f7a0792bb4b7001231f198,1,601adcb1a8ba4141042532c2,63722d1ffaf87162cc48fe46,B333E6AD,169598,169746,0.018,0.018,2023-05-02T08:45:47.420Z,2023-05-02T08:48:34.407Z,6450cdbb3d0ad372c415d8b8,640f0585c313db0018069244,0.148,2023-05-02T10:04:26.905Z,,
67df45afc1cf68c4cbfe4db7,11097,63f7a0792bb4b7001231f198,1,601adcb1a8ba4141042532c2,63722d1ffaf87162cc48fe46,B333E6AD,169746,170087,0.041,0.041,2023-05-02T08:49:21.872Z,2023-05-02T08:55:32.892Z,6450ce9161d5a161000f6d37,640f0585c313db0018069244,0.341,2023-05-02T10:04:27.002Z,,
67df45afc1cf68c4cbfe4db8,11098,63f7a0792bb4b7001231f198,1,601adcb1a8ba4141042532c2,63722d1ffaf87162cc48fe46,B333E6AD,170087,170654,0.068,0.068,2023-05-02T08:57:10.176Z,2023-05-02T09:07:24.373Z,6450d066b216251278bd3a24,640f0585c313db0018069244,0.567,2023-05-02T10:04:27.101Z,,
67df45afc1cf68c4cbfe4db9,11099,63f7a0792bb4b7001231f198,1,601adcb1a8ba4141042532c2,63722d1ffaf87162cc48fe46,B333E6AD,170654,170775,0.015,0.015,2023-05-02T09:09:13.633Z,2023-05-02T09:11:31.816Z,6450d339c7919e0ce81f9d4b,640f0585c313db0018069244,0.121,2023-05-02T10:04:27.198Z,,
67df45afc1cf68c4cbfe4dba,11100,63f7a0792bb4b7001231f198,1,601adcb1a8ba4141042532c2,63722d1ffaf87162cc48fe46,B333E6AD,170775,171381,0.073,0.073,2023-05-02T09:11:53.102Z,2023-05-02T09:22:44.957Z,6450d3d99e5977045cfa3af0,640f0585c313db0018069244,0.606,2023-05-02T10:04:27.293Z,,
67df45afc1cf68c4cbfe4dbb,11101,63f7a0792bb4b7001231f198,1,601adcb1a8ba4141042532c2,63722d1ffaf87162cc48fe46,B333E6AD,171381,174998,3.622,3.622,2023-05-02T09:22:52.809Z,2023-05-02T15:12:36.146Z,6450d66cc8524774bcedf5bd,640f0585c313db0018069244,3.617,2023-05-02T15:12:37.354Z,2023-05-02T15:12:37.354Z,2023-05-02T15:12:37.354Z
67df45afc1cf68c4cbfe4dbc,11102,63f7a0792bb4b7001231f198,1,601adcb1a8ba4141042532c2,63722d1ffaf87162cc48fe46,F51F555D,174998,175000,,,2023-05-04T13:51:07.810Z,2023-05-04T13:54:57.795Z,6453b84b59cf6600123af511,6453b82f82ea136b9458e454,0.002,2023-05-04T14:21:21.233Z,,
67df45afc1cf68c4cbfe4dbd,11103,63f7a0792bb4b7001231f198,1,601adcb1a8ba4141042532c2,63722d1ffaf87162cc48fe46,F51F555D,175000,178361,0.341,0.341,2023-05-04T13:55:39.973Z,2023-05-04T14:53:23.210Z,6453b95b59cf6600123af51f,6453b82f82ea136b9458e454,3.361,2023-05-04T14:53:24.475Z,2023-05-04T14:53:24.475Z,2023-05-04T14:53:24.475Z
67df45afc1cf68c4cbfe4dbe,11104,63f7a0792bb4b7001231f198,1,601adcb1a8ba4141042532c2,63722d1ffaf87162cc48fe46,F51F555D,178362,179270,0.111,0.111,2023-05-04T14:53:57.397Z,2023-05-04T15:09:33.430Z,6453c7056ff780668cc82c82,6453b82f82ea136b9458e454,0.908,2023-05-04T15:09:34.266Z,2023-05-04T15:09:34.266Z,2023-05-04T15:09:34.266Z
67df45afc1cf68c4cbfe4dbf,11105,63f7a0792bb4b7001231f198,1,601adcb1a8ba4141042532c2,63722d1ffaf87162cc48fe46,F51F555D,179270,179775,0.051,0.051,2023-05-04T15:09:43.598Z,2023-05-04T15:19:51.897Z,6453cab7f197fa3e8c090b7d,6453b82f82ea136b9458e454,0.505,2023-05-04T15:26:33.436Z,2023-05-04T15:26:33.436Z,2023-05-04T15:26:33.436Z
67df45afc1cf68c4cbfe4dc0,11106,63f7a0792bb4b7001231f198,1,601adcb1a8ba4141042532c2,63722d1ffaf87162cc48fe46,F51F555D,179775,179777,,,2023-05-04T15:20:47.137Z,2023-05-04T15:26:32.623Z,6453cd4f41f23f664494d343,6453b82f82ea136b9458e454,0.002,2023-05-04T16:19:20.064Z,,
67df45afc1cf68c4cbfe4dc1,11107,63f7a0792bb4b7001231f198,1,601adcb1a8ba4141042532c2,63722d1ffaf87162cc48fe46,F51F555D,179777,179777,,,2023-05-04T15:26:40.224Z,2023-05-04T15:28:12.052Z,6453ceb0afecce28601725df,6453b82f82ea136b9458e454,0,2023-05-04T16:19:20.146Z,,
67df45afc1cf68c4cbfe4dc2,11108,63f7a0792bb4b7001231f198,1,601adcb1a8ba4141042532c2,63722d1ffaf87162cc48fe46,F51F555D,179777,180038,0.026,0.026,2023-05-04T15:28:55.418Z,2023-05-04T15:40:55.052Z,6453cf37afecce28601725ef,6453b82f82ea136b9458e454,0.261,2023-05-04T15:40:55.903Z,2023-05-04T15:40:55.904Z,2023-05-04T15:40:55.904Z
67df45afc1cf68c4cbfe4dc3,11109,63f7a0792bb4b7001231f198,1,601adcb1a8ba4141042532c2,63722d1ffaf87162cc48fe46,F51F555D,180038,180038,,,2023-05-04T15:41:05.415Z,2023-05-04T15:42:05.028Z,6453d2114cd2a512507d60ef,6453b82f82ea136b9458e454,0,2023-05-04T16:19:20.319Z,,
67df45afc1cf68c4cbfe4dc4,11110,63f7a0792bb4b7001231f198,1,601adcb1a8ba4141042532c2,63722d1ffaf87162cc48fe46,F51F555D,180038,180378,0.035,0.035,2023-05-04T15:42:46.015Z,2023-05-04T15:55:30.288Z,6453d2764cd2a512507d60f5,6453b82f82ea136b9458e454,0.34,2023-05-04T16:19:20.410Z,,
67df45afc1cf68c4cbfe4dc5,11111,63f7a0792bb4b7001231f198,1,601adcb1a8ba4141042532c2,63722d1ffaf87162cc48fe46,F51F555D,180378,180498,0.012,0.012,2023-05-04T15:56:52.741Z,2023-05-04T16:06:33.958Z,6453d5c456a1bc4da050a2e7,6453b82f82ea136b9458e454,0.12,2023-05-05T08:17:36.428Z,,
67df45afc1cf68c4cbfe4dc6,11112,63f7a0792bb4b7001231f198,1,601adcb1a8ba4141042532c2,63722d1ffaf87162cc48fe46,F51F555D,180498,182250,0.178,0.178,2023-05-04T16:08:42.219Z,2023-05-04T18:31:15.923Z,6453d88adb177b6c401bafaa,6453b82f82ea136b9458e454,1.752,2023-05-05T08:17:36.512Z,,
67df45afc1cf68c4cbfe4dc7,11113,63f7a0792bb4b7001231f198,1,601adcb1a8ba4141042532c2,63722d1ffaf87162cc48fe46,B5485549,182250,185245,0.304,0.304,2023-05-05T13:10:29.278Z,2023-05-05T14:03:16.318Z,645500454c3f470012acf54b,643d70b933af02001273760d,2.995,2023-06-02T17:25:52.129Z,,
67df45afc1cf68c4cbfe4dc8,11114,63f7a0792bb4b7001231f198,1,601adcb1a8ba4141042532c2,63722d1ffaf87162cc48fe46,B333E6AD,185245,192146,0.755,0.755,2023-05-08T08:15:40.921Z,2023-05-08T17:28:08.115Z,6458afac4c3f470012ad2fb6,640f0585c313db0018069244,6.901,2023-06-02T17:25:52.132Z,,
67df45afc1cf68c4cbfe4dc9,11115,63f7a0792bb4b7001231f198,1,601adcb1a8ba4141042532c2,63722d1ffaf87162cc48fe46,F51F555D,192146,201880,1.126,1.126,2023-05-09T08:44:02.971Z,2023-05-09T11:59:42.667Z,645a07d24c3f470012ad452c,6453b82f82ea136b9458e454,9.734,2023-06-02T17:25:52.134Z,,
67df45afc1cf68c4cbfe4dca,11116,63f7a0792bb4b7001231f198,1,601adcb1a8ba4141042532c2,63722d1ffaf87162cc48fe46,F51F555D,201880,209257,0.832,0.832,2023-05-11T08:32:50.923Z,2023-05-11T12:11:52.573Z,645ca8324c3f470012ad6f27,6453b82f82ea136b9458e454,7.377,2023-06-02T17:25:52.137Z,,
67df45afc1cf68c4cbfe4dcb,11117,63f7a0792bb4b7001231f198,1,601adcb1a8ba4141042532c2,63722d1ffaf87162cc48fe46,B5485549,209257,212252,0.304,0.304,2023-05-11T13:11:55.043Z,2023-05-11T14:04:40.594Z,645ce99b4c3f470012ad7337,643d70b933af02001273760d,2.995,2023-06-02T17:25:52.139Z,,
67df45afc1cf68c4cbfe4dcc,11118,63f7a0792bb4b7001231f198,1,601adcb1a8ba4141042532c2,63722d1ffaf87162cc48fe46,F51F555D,212252,217229,0.578,0.578,2023-05-12T09:04:47.488Z,2023-05-12T11:45:32.163Z,645e012f4c3f470012ad84b4,6453b82f82ea136b9458e454,4.977,2023-06-02T17:25:52.142Z,,
67df45afc1cf68c4cbfe4dcd,11119,63f7a0792bb4b7001231f198,1,601adcb1a8ba4141042532c2,63722d1ffaf87162cc48fe46,B5485549,217229,221259,0.409,0.409,2023-05-12T13:09:49.555Z,2023-05-12T14:21:19.292Z,645e3a9d4c3f470012ad8848,643d70b933af02001273760d,4.03,2023-06-02T17:25:52.144Z,,
67df45afc1cf68c4cbfe4dce,11120,63f7a0792bb4b7001231f198,1,601adcb1a8ba4141042532c2,63722d1ffaf87162cc48fe46,4D0D9174,221259,252099,3.479,3.479,2023-05-15T08:25:05.682Z,2023-05-15T16:34:20.381Z,6461ec614c3f470012adc24b,64538b2e59cf6600123af26a,30.84,2023-06-02T17:25:52.146Z,,
67df45afc1cf68c4cbfe4dcf,11125,63f7a0792bb4b7001231f198,1,601adcb1a8ba4141042532c2,63722d1ffaf87162cc48fe46,B333E6AD,252099,257965,0.595,0.595,2023-05-16T13:22:49.093Z,2023-05-16T15:06:33.568Z,646383a94c3f470012addc36,640f0585c313db0018069244,5.866,2023-06-02T17:25:52.158Z,,
67df45afc1cf68c4cbfe4dd0,11126,63f7a0792bb4b7001231f198,1,601adcb1a8ba4141042532c2,63722d1ffaf87162cc48fe46,B5485549,257965,262568,0.467,0.467,2023-05-16T16:00:26.106Z,2023-05-16T17:21:18.233Z,6463a89a4c3f470012addf0d,643d70b933af02001273760d,4.603,2023-06-02T17:25:52.160Z,,
67df45afc1cf68c4cbfe4dd1,11128,63f7a0792bb4b7001231f198,1,601adcb1a8ba4141042532c2,63722d1ffaf87162cc48fe46,F51F555D,262568,271138,0.87,0.87,2023-05-17T13:34:39.077Z,2023-05-17T17:45:22.050Z,6464d7ef4c3f470012adf20f,6453b82f82ea136b9458e454,8.57,2023-06-02T17:25:52.165Z,,
67df45afc1cf68c4cbfe4dd2,11131,63f7a0792bb4b7001231f198,1,601adcb1a8ba4141042532c2,63722d1ffaf87162cc48fe46,B333E6AD,271138,277862,0.682,0.682,2023-05-18T14:08:19.921Z,2023-05-18T16:11:20.138Z,646631534c3f470012ae0774,640f0585c313db0018069244,6.724,2023-06-02T17:25:52.174Z,,
67df45afc1cf68c4cbfe4dd3,11132,63f7a0792bb4b7001231f198,1,601adcb1a8ba4141042532c2,63722d1ffaf87162cc48fe46,F51F555D,277862,282423,0.548,0.548,2023-05-19T09:34:23.666Z,2023-05-19T11:46:49.432Z,6467429f4c3f470012ae1825,6453b82f82ea136b9458e454,4.561,2023-06-02T17:25:52.177Z,,
67df45afc1cf68c4cbfe4dd4,11133,63f7a0792bb4b7001231f198,1,601adcb1a8ba4141042532c2,63722d1ffaf87162cc48fe46,F51F555D,282423,288828,0.65,0.65,2023-05-19T13:38:22.503Z,2023-05-19T18:09:45.059Z,64677bce4c3f470012ae1bc1,6453b82f82ea136b9458e454,6.405,2023-06-02T17:25:52.179Z,,
67df45afc1cf68c4cbfe4dd5,11134,63f7a0792bb4b7001231f198,1,601adcb1a8ba4141042532c2,63722d1ffaf87162cc48fe46,F51F555D,288828,296355,0.875,0.875,2023-05-23T08:55:45.399Z,2023-05-23T12:07:53.552Z,646c7f914c3f470012ae6b32,6453b82f82ea136b9458e454,7.527,2023-06-02T17:25:52.181Z,,
67df45afc1cf68c4cbfe4dd6,11135,63f7a0792bb4b7001231f198,1,601adcb1a8ba4141042532c2,63722d1ffaf87162cc48fe46,B333E6AD,296355,303205,0.796,0.796,2023-05-24T08:59:52.156Z,2023-05-24T11:19:12.960Z,646dd2084c3f470012ae803d,640f0585c313db0018069244,6.85,2023-06-02T17:25:52.183Z,,
67df45afc1cf68c4cbfe4dd7,11136,63f7a0792bb4b7001231f198,1,601adcb1a8ba4141042532c2,63722d1ffaf87162cc48fe46,B5485549,303205,313657,1.061,1.061,2023-05-24T13:07:45.065Z,2023-05-24T17:15:24.239Z,646e0c214c3f470012ae8449,643d70b933af02001273760d,10.452,2023-06-02T17:25:52.186Z,,
67df45afc1cf68c4cbfe4dd8,11137,63f7a0792bb4b7001231f198,1,601adcb1a8ba4141042532c2,63722d1ffaf87162cc48fe46,F51F555D,313657,321529,0.853,0.853,2023-05-25T07:49:37.706Z,2023-05-25T11:42:13.907Z,646f13114c3f470012ae948d,6453b82f82ea136b9458e454,7.872,2023-06-02T17:25:52.188Z,,
67df45afc1cf68c4cbfe4dd9,11138,63f7a0792bb4b7001231f198,1,601adcb1a8ba4141042532c2,63722d1ffaf87162cc48fe46,F51F555D,321529,324168,0.268,0.268,2023-05-25T14:24:23.705Z,2023-05-25T17:42:45.511Z,646f6f974c3f470012ae9a56,6453b82f82ea136b9458e454,2.639,2023-06-02T17:25:52.190Z,,
67df45afc1cf68c4cbfe4dda,11139,63f7a0792bb4b7001231f198,1,601adcb1a8ba4141042532c2,63722d1ffaf87162cc48fe46,B5485549,324168,324991,0.054,0.054,2023-05-28T19:22:36.283Z,2023-05-28T19:37:53.077Z,6473a9fc4c3f470012aedc9a,643d70b933af02001273760d,0.823,2023-06-02T17:25:52.192Z,,
67df45afc1cf68c4cbfe4ddb,11140,63f7a0792bb4b7001231f198,1,601adcb1a8ba4141042532c2,63722d1ffaf87162cc48fe46,4D0D9174,324991,350494,2.671,2.671,2023-05-29T07:34:54.843Z,2023-05-29T16:43:22.878Z,6474559e4c3f470012aee784,64538b2e59cf6600123af26a,25.503,2023-06-02T17:25:52.195Z,,
67df45afc1cf68c4cbfe4ddc,11142,63f7a0792bb4b7001231f198,1,601adcb1a8ba4141042532c2,63722d1ffaf87162cc48fe46,B5485549,350494,353801,0.336,0.336,2023-05-30T12:31:29.438Z,2023-05-30T13:29:54.825Z,6475eca14c3f470012af017b,643d70b933af02001273760d,3.307,2023-06-02T17:25:52.199Z,,
67df45afc1cf68c4cbfe4ddd,11143,63f7a0792bb4b7001231f198,1,601adcb1a8ba4141042532c2,63722d1ffaf87162cc48fe46,F51F555D,353801,353813,,,2023-05-31T08:47:35.704Z,2023-05-31T08:48:04.925Z,647709a74c3f470012af12f8,6453b82f82ea136b9458e454,0.012,2023-06-02T17:25:52.201Z,,
67df45afc1cf68c4cbfe4dde,11144,63f7a0792bb4b7001231f198,1,601adcb1a8ba4141042532c2,63722d1ffaf87162cc48fe46,F51F555D,353813,364243,1.205,1.205,2023-05-31T08:49:42.354Z,2023-05-31T12:22:36.978Z,64770a264c3f470012af12fd,6453b82f82ea136b9458e454,10.43,2023-06-02T17:25:52.204Z,,
67df45afc1cf68c4cbfe4ddf,11145,63f7a0792bb4b7001231f198,1,601adcb1a8ba4141042532c2,63722d1ffaf87162cc48fe46,B5485549,364243,367442,0.325,0.325,2023-05-31T15:25:37.794Z,2023-05-31T16:21:57.138Z,647766f14c3f470012af18d5,643d70b933af02001273760d,3.199,2023-06-02T17:25:52.206Z,,
67df45afc1cf68c4cbfe4de0,11146,63f7a0792bb4b7001231f198,1,601adcb1a8ba4141042532c2,63722d1ffaf87162cc48fe46,4D0D9174,367442,384000,1.709,1.709,2023-06-02T07:41:36.376Z,2023-06-02T16:14:40.158Z,64799d304c3f470012af3c49,64538b2e59cf6600123af26a,16.558,2023-06-02T17:25:52.208Z,,
67df45afc1cf68c4cbfe4de1,11147,63f7a0792bb4b7001231f198,1,601adcb1a8ba4141042532c2,63722d1ffaf87162cc48fe46,B333E6AD,384000,390902,0.76,0.76,2023-06-02T17:20:59.505Z,2023-06-02T19:43:33.615Z,647a24fb4c3f470012af44aa,640f0585c313db0018069244,6.902,2023-09-01T08:34:56.893Z,,
67df45afc1cf68c4cbfe4de2,11148,63f7a0792bb4b7001231f198,1,601adcb1a8ba4141042532c2,63722d1ffaf87162cc48fe46,4D0D9174,390902,405176,1.469,1.469,2023-06-05T07:44:16.664Z,2023-06-05T15:19:42.758Z,647d92501a4a7a0013fb48c5,64538b2e59cf6600123af26a,14.274,2023-09-01T08:34:56.896Z,,
67df45afc1cf68c4cbfe4de3,11149,63f7a0792bb4b7001231f198,1,601adcb1a8ba4141042532c2,63722d1ffaf87162cc48fe46,B5485549,405176,408355,0.323,0.323,2023-06-06T13:19:40.503Z,2023-06-06T14:16:07.102Z,647f326c1a4a7a0013fb62af,643d70b933af02001273760d,3.179,2023-09-01T08:34:56.899Z,,
67df45afc1cf68c4cbfe4de4,11150,63f7a0792bb4b7001231f198,1,601adcb1a8ba4141042532c2,63722d1ffaf87162cc48fe46,4D0D9174,408355,415545,0.73,0.73,2023-06-07T07:41:45.050Z,2023-06-07T17:10:34.267Z,648034b91a4a7a0013fb72e3,64538b2e59cf6600123af26a,7.19,2023-09-01T08:34:56.901Z,,
67df45afc1cf68c4cbfe4de5,11151,63f7a0792bb4b7001231f198,1,601adcb1a8ba4141042532c2,63722d1ffaf87162cc48fe46,4D0D9174,415545,417971,0.246,0.246,2023-06-07T17:28:25.648Z,2023-06-07T18:29:44.965Z,6480be391a4a7a0013fb7b39,64538b2e59cf6600123af26a,2.426,2023-09-01T08:34:56.903Z,,
67df45afc1cf68c4cbfe4de6,11152,63f7a0792bb4b7001231f198,1,601adcb1a8ba4141042532c2,63722d1ffaf87162cc48fe46,130FE2AD,417971,420958,0.303,0.303,2023-06-09T13:32:08.135Z,2023-06-09T14:24:53.386Z,648329d81a4a7a0013fba206,643d70b933af02001273760d,2.987,2023-09-01T08:34:56.906Z,,
67df45afc1cf68c4cbfe4de7,11153,63f7a0792bb4b7001231f198,1,601adcb1a8ba4141042532c2,63722d1ffaf87162cc48fe46,4D0D9174,420958,423303,0.238,0.238,2023-06-12T14:12:49.061Z,2023-06-12T14:26:39.967Z,648727e11a4a7a0013fbe143,64538b2e59cf6600123af26a,2.345,2023-09-01T08:34:56.908Z,,
67df45afc1cf68c4cbfe4de8,11154,63f7a0792bb4b7001231f198,1,601adcb1a8ba4141042532c2,63722d1ffaf87162cc48fe46,F51F555D,423303,434297,1.116,1.116,2023-06-12T14:42:34.186Z,2023-06-12T17:50:47.113Z,64872eda1a4a7a0013fbe1b9,6453b82f82ea136b9458e454,10.994,2023-09-01T08:34:56.911Z,,
67df45afc1cf68c4cbfe4de9,11155,63f7a0792bb4b7001231f198,1,601adcb1a8ba4141042532c2,63722d1ffaf87162cc48fe46,B5485549,434297,435805,0.165,0.165,2023-06-12T18:11:44.917Z,2023-06-12T18:38:22.625Z,64875fe01a4a7a0013fbe4f2,643d70b933af02001273760d,1.508,2023-09-01T08:34:56.913Z,,
67df45afc1cf68c4cbfe4dea,11156,63f7a0792bb4b7001231f198,1,601adcb1a8ba4141042532c2,63722d1ffaf87162cc48fe46,4D0D9174,435805,506974,7.719,7.719,2023-06-13T07:37:42.997Z,2023-06-13T15:51:38.116Z,64881cc71a4a7a0013fbf0be,64538b2e59cf6600123af26a,71.169,2023-09-01T08:34:56.915Z,,
67df45afc1cf68c4cbfe4deb,11157,63f7a0792bb4b7001231f198,1,601adcb1a8ba4141042532c2,63722d1ffaf87162cc48fe46,F51F555D,506974,514214,0.831,0.831,2023-06-14T08:24:31.618Z,2023-06-14T11:55:47.195Z,6489793f1a4a7a0013fc066d,6453b82f82ea136b9458e454,7.24,2023-09-01T08:34:56.918Z,,
67df45afc1cf68c4cbfe4dec,11158,63f7a0792bb4b7001231f198,1,601adcb1a8ba4141042532c2,63722d1ffaf87162cc48fe46,F51F555D,514214,519849,0.572,0.572,2023-06-15T13:52:11.939Z,2023-06-15T18:29:15.422Z,648b178b1a4a7a0013fc204e,6453b82f82ea136b9458e454,5.635,2023-09-01T08:34:56.920Z,,
67df45afc1cf68c4cbfe4ded,11159,63f7a0792bb4b7001231f198,1,601adcb1a8ba4141042532c2,63722d1ffaf87162cc48fe46,F51F555D,519849,524599,0.482,0.482,2023-06-16T13:50:25.540Z,2023-06-16T18:41:47.372Z,648c68a11a4a7a0013fc355c,6453b82f82ea136b9458e454,4.75,2023-09-01T08:34:56.925Z,,
67df45afc1cf68c4cbfe4dee,11160,63f7a0792bb4b7001231f198,1,601adcb1a8ba4141042532c2,63722d1ffaf87162cc48fe46,4D0D9174,524599,534000,0.955,0.955,2023-06-19T07:59:39.823Z,2023-06-19T11:18:01.154Z,64900aeb1a4a7a0013fc6efb,64538b2e59cf6600123af26a,9.401,2023-09-01T08:34:56.927Z,,
67df45afc1cf68c4cbfe4def,11161,63f7a0792bb4b7001231f198,1,601adcb1a8ba4141042532c2,63722d1ffaf87162cc48fe46,F51F555D,534000,542199,0.832,0.832,2023-06-19T13:50:06.181Z,2023-06-19T20:48:48.390Z,64905d0e1a4a7a0013fc7444,6453b82f82ea136b9458e454,8.199,2023-09-01T08:34:56.929Z,,
67df45afc1cf68c4cbfe4df0,11162,63f7a0792bb4b7001231f198,1,601adcb1a8ba4141042532c2,63722d1ffaf87162cc48fe46,4D0D9174,542199,568462,2.845,2.845,2023-06-20T07:53:05.430Z,2023-06-20T16:15:50.596Z,64915ae11a4a7a0013fc8427,64538b2e59cf6600123af26a,26.263,2023-09-01T08:34:56.932Z,,
67df45afc1cf68c4cbfe4df1,11163,63f7a0792bb4b7001231f198,1,601adcb1a8ba4141042532c2,63722d1ffaf87162cc48fe46,25E45549,568462,588219,2.16,2.16,2023-06-21T07:41:48.642Z,2023-06-21T15:28:08.387Z,6492a9bc1a4a7a0013fc9933,6474a5e94c3f470012aeec9b,19.757,2023-09-01T08:34:56.934Z,,
67df45afc1cf68c4cbfe4df2,11164,63f7a0792bb4b7001231f198,1,601adcb1a8ba4141042532c2,63722d1ffaf87162cc48fe46,F51F555D,588219,597585,1.081,1.081,2023-06-22T08:45:36.063Z,2023-06-22T12:27:29.153Z,64940a301a4a7a0013fcaf46,6453b82f82ea136b9458e454,9.366,2023-09-01T08:34:56.937Z,,
67df45afc1cf68c4cbfe4df3,11165,63f7a0792bb4b7001231f198,1,601adcb1a8ba4141042532c2,63722d1ffaf87162cc48fe46,4D0D9174,597585,614361,1.734,1.734,2023-06-23T07:38:29.560Z,2023-06-23T14:46:31.231Z,64954bf51a4a7a0013fcc375,64538b2e59cf6600123af26a,16.776,2023-09-01T08:34:56.939Z,,
67df45afc1cf68c4cbfe4df4,11166,63f7a0792bb4b7001231f198,1,601adcb1a8ba4141042532c2,63722d1ffaf87162cc48fe46,4D0D9174,614361,637238,2.322,2.322,2023-06-26T13:25:05.393Z,2023-06-26T16:24:35.098Z,649991b11a4a7a0013fd0713,64538b2e59cf6600123af26a,22.877,2023-09-01T08:34:56.941Z,,
67df45afc1cf68c4cbfe4df5,11167,63f7a0792bb4b7001231f198,1,601adcb1a8ba4141042532c2,63722d1ffaf87162cc48fe46,B5485549,637238,638756,0.154,0.154,2023-06-28T13:57:40.020Z,2023-06-28T14:24:47.429Z,649c3c541a4a7a0013fd3171,643d70b933af02001273760d,1.518,2023-09-01T08:34:56.944Z,,
67df45afc1cf68c4cbfe4df6,11168,63f7a0792bb4b7001231f198,1,601adcb1a8ba4141042532c2,63722d1ffaf87162cc48fe46,B5485549,638756,638829,0.007,0.007,2023-06-28T14:24:53.154Z,2023-06-28T14:26:26.865Z,649c42b51a4a7a0013fd31ed,643d70b933af02001273760d,0.073,2023-09-01T08:34:56.948Z,,
67df45afc1cf68c4cbfe4df7,11170,63f7a0792bb4b7001231f198,1,601adcb1a8ba4141042532c2,63722d1ffaf87162cc48fe46,B5485549,638829,638953,0.015,0.015,2023-06-29T19:55:51.874Z,2023-06-29T19:58:38.067Z,649de1c71a4a7a0013fd4bc0,643d70b933af02001273760d,0.124,2023-09-01T08:34:56.953Z,,
67df45afc1cf68c4cbfe4df8,11171,63f7a0792bb4b7001231f198,1,601adcb1a8ba4141042532c2,63722d1ffaf87162cc48fe46,B5485549,638953,639107,0.018,0.018,2023-06-29T19:58:50.329Z,2023-06-29T20:01:55.247Z,649de27a1a4a7a0013fd4bc6,643d70b933af02001273760d,0.154,2023-09-01T08:34:56.955Z,,
67df45afc1cf68c4cbfe4df9,11172,63f7a0792bb4b7001231f198,1,601adcb1a8ba4141042532c2,63722d1ffaf87162cc48fe46,B5485549,639107,644582,0.614,0.614,2023-06-29T20:02:02.136Z,2023-06-29T21:38:31.112Z,649de33a1a4a7a0013fd4c3d,643d70b933af02001273760d,5.475,2023-09-01T08:34:56.958Z,,
67df45afc1cf68c4cbfe4dfa,11173,63f7a0792bb4b7001231f198,1,601adcb1a8ba4141042532c2,63722d1ffaf87162cc48fe46,B5485549,644582,644623,0.004,0.004,2023-06-29T21:38:36.571Z,2023-06-29T21:39:37.068Z,649df9dc1a4a7a0013fd4da3,643d70b933af02001273760d,0.041,2023-09-01T08:34:56.960Z,,
67df45afc1cf68c4cbfe4dfb,11174,63f7a0792bb4b7001231f198,1,601adcb1a8ba4141042532c2,63722d1ffaf87162cc48fe46,4D0D9174,644623,694229,5.53,5.53,2023-06-30T08:29:53.142Z,2023-06-30T13:09:54.115Z,649e92811a4a7a0013fd56d0,64538b2e59cf6600123af26a,49.606,2023-09-01T08:34:56.963Z,,
67df45afc1cf68c4cbfe4dfc,11175,63f7a0792bb4b7001231f198,1,601adcb1a8ba4141042532c2,63722d1ffaf87162cc48fe46,4D0D9174,694229,712564,1.861,1.861,2023-06-30T14:56:21.976Z,2023-06-30T16:40:12.143Z,649eed151a4a7a0013fd5cb5,64538b2e59cf6600123af26a,18.335,2023-09-01T08:34:56.965Z,,
67df45afc1cf68c4cbfe4dfd,11176,63f7a0792bb4b7001231f198,1,601adcb1a8ba4141042532c2,63722d1ffaf87162cc48fe46,25E45549,712564,743892,3.337,3.337,2023-07-03T08:23:53.342Z,2023-07-03T17:43:21.481Z,64a285991a4a7a0013fd95f6,6474a5e94c3f470012aeec9b,31.328,2023-09-01T08:34:56.967Z,,
67df45afc1cf68c4cbfe4dfe,11177,63f7a0792bb4b7001231f198,1,601adcb1a8ba4141042532c2,63722d1ffaf87162cc48fe46,4D0D9174,743892,774546,3.417,3.417,2023-07-05T08:06:29.015Z,2023-07-05T12:43:58.225Z,64a524851a4a7a0013fdc03c,64538b2e59cf6600123af26a,30.654,2023-09-01T08:34:56.970Z,,
67df45afc1cf68c4cbfe4dff,11178,63f7a0792bb4b7001231f198,1,601adcb1a8ba4141042532c2,63722d1ffaf87162cc48fe46,F51F555D,774546,776846,0.233,0.233,2023-07-05T14:05:37.701Z,2023-07-05T18:26:40.897Z,64a578b11a4a7a0013fdc5a7,6453b82f82ea136b9458e454,2.3,2023-09-01T08:34:56.972Z,,
67df45afc1cf68c4cbfe4e00,11179,63f7a0792bb4b7001231f198,1,601adcb1a8ba4141042532c2,63722d1ffaf87162cc48fe46,25E45549,776846,798886,2.394,2.394,2023-07-06T08:34:57.711Z,2023-07-06T16:29:18.670Z,64a67cb11a4a7a0013fdd5d6,6474a5e94c3f470012aeec9b,22.04,2023-09-01T08:34:56.976Z,,
67df45afc1cf68c4cbfe4e01,11180,63f7a0792bb4b7001231f198,1,601adcb1a8ba4141042532c2,63722d1ffaf87162cc48fe46,4D0D9174,798886,798886,,,2023-07-07T16:40:16.148Z,2023-07-07T16:40:39.196Z,64a83ff01a4a7a0013fdf20b,64538b2e59cf6600123af26a,0,2023-09-01T08:34:56.979Z,,
67df45afc1cf68c4cbfe4e02,11181,63f7a0792bb4b7001231f198,1,601adcb1a8ba4141042532c2,63722d1ffaf87162cc48fe46,4D0D9174,798886,803863,0.505,0.505,2023-07-07T16:40:45.190Z,2023-07-07T20:11:49.602Z,64a8400d1a4a7a0013fdf210,64538b2e59cf6600123af26a,4.977,2023-09-01T08:34:56.981Z,,
67df45afc1cf68c4cbfe4e03,11182,63f7a0792bb4b7001231f198,1,601adcb1a8ba4141042532c2,63722d1ffaf87162cc48fe46,4D0D9174,803863,841711,4.331,4.331,2023-07-10T08:48:00.310Z,2023-07-10T13:35:29.318Z,64abc5c01a4a7a0013fe29df,64538b2e59cf6600123af26a,37.848,2023-09-01T08:34:56.983Z,,
67df45afc1cf68c4cbfe4e04,11183,63f7a0792bb4b7001231f198,1,601adcb1a8ba4141042532c2,63722d1ffaf87162cc48fe46,B333E6AD,841711,851773,1.021,1.021,2023-07-10T13:58:42.584Z,2023-07-10T18:18:55.293Z,64ac0e921a4a7a0013fe2e67,640f0585c313db0018069244,10.062,2023-09-01T08:34:56.986Z,,
67df45afc1cf68c4cbfe4e05,11184,63f7a0792bb4b7001231f198,1,601adcb1a8ba4141042532c2,63722d1ffaf87162cc48fe46,B333E6AD,851773,851799,0.003,0.003,2023-07-11T09:12:21.180Z,2023-07-11T14:53:31.462Z,64ad1cf51a4a7a0013fe3f7b,640f0585c313db0018069244,0.026,2023-09-01T08:34:56.988Z,,
67df45afc1cf68c4cbfe4e06,11185,63f7a0792bb4b7001231f198,1,601adcb1a8ba4141042532c2,63722d1ffaf87162cc48fe46,B333E6AD,851799,851799,,,2023-07-12T09:11:15.169Z,2023-07-12T13:49:14.915Z,64ae6e331a4a7a0013fe5452,640f0585c313db0018069244,0,2023-09-01T08:34:56.990Z,,
67df45afc1cf68c4cbfe4e07,11186,63f7a0792bb4b7001231f198,1,601adcb1a8ba4141042532c2,63722d1ffaf87162cc48fe46,B333E6AD,851799,851835,0.004,0.004,2023-07-12T13:51:41.201Z,2023-07-12T13:52:30.154Z,64aeafed1a4a7a0013fe583d,640f0585c313db0018069244,0.036,2023-09-01T08:34:56.993Z,,
67df45afc1cf68c4cbfe4e08,11187,63f7a0792bb4b7001231f198,1,601adcb1a8ba4141042532c2,63722d1ffaf87162cc48fe46,B333E6AD,851835,851840,,,2023-07-12T13:52:35.249Z,2023-07-12T13:52:58.145Z,64aeb0231a4a7a0013fe5843,640f0585c313db0018069244,0.005,2023-09-01T08:34:56.995Z,,
67df45afc1cf68c4cbfe4e09,11188,63f7a0792bb4b7001231f198,1,601adcb1a8ba4141042532c2,63722d1ffaf87162cc48fe46,B333E6AD,851840,860140,0.842,0.842,2023-07-12T13:53:03.651Z,2023-07-12T18:07:05.209Z,64aeb03f1a4a7a0013fe5848,640f0585c313db0018069244,8.3,2023-09-01T08:34:56.997Z,,
67df45afc1cf68c4cbfe4e0a,11189,63f7a0792bb4b7001231f198,1,601adcb1a8ba4141042532c2,63722d1ffaf87162cc48fe46,25E45549,860140,883338,2.51,2.51,2023-07-13T08:01:29.498Z,2023-07-13T17:29:45.335Z,64afaf591a4a7a0013fe6887,6474a5e94c3f470012aeec9b,23.198,2023-09-01T08:34:57.000Z,,
67df45afc1cf68c4cbfe4e0b,11190,63f7a0792bb4b7001231f198,1,601adcb1a8ba4141042532c2,63722d1ffaf87162cc48fe46,F51F555D,883338,894791,1.162,1.162,2023-07-14T13:18:12.328Z,2023-07-14T18:12:03.563Z,64b14b141a4a7a0013fe8205,6453b82f82ea136b9458e454,11.453,2023-09-01T08:34:57.003Z,,
67df45afc1cf68c4cbfe4e0c,11191,63f7a0792bb4b7001231f198,1,601adcb1a8ba4141042532c2,63722d1ffaf87162cc48fe46,4D0D9174,894791,931134,3.989,3.989,2023-07-17T10:27:33.816Z,2023-07-17T15:56:36.434Z,64b517951a4a7a0013febe08,64538b2e59cf6600123af26a,36.343,2023-09-01T08:34:57.006Z,,
67df45afc1cf68c4cbfe4e0d,11192,63f7a0792bb4b7001231f198,1,601adcb1a8ba4141042532c2,63722d1ffaf87162cc48fe46,B5485549,931134,932636,0.152,0.152,2023-07-17T17:17:57.861Z,2023-07-17T18:02:11.285Z,64b577c51a4a7a0013fec448,643d70b933af02001273760d,1.502,2023-09-01T08:34:57.008Z,,
67df45afc1cf68c4cbfe4e0e,11193,63f7a0792bb4b7001231f198,1,601adcb1a8ba4141042532c2,63722d1ffaf87162cc48fe46,25E45549,932636,965438,3.489,3.489,2023-07-18T07:35:22.091Z,2023-07-18T17:11:41.306Z,64b640ba1a4a7a0013fed0e7,6474a5e94c3f470012aeec9b,32.802,2023-09-01T08:34:57.010Z,,
67df45afc1cf68c4cbfe4e0f,11194,63f7a0792bb4b7001231f198,1,601adcb1a8ba4141042532c2,63722d1ffaf87162cc48fe46,B333E6AD,965438,965504,0.008,0.008,2023-07-19T08:28:06.209Z,2023-07-19T11:34:27.007Z,64b79e961a4a7a0013fee6a0,640f0585c313db0018069244,0.066,2023-09-01T08:34:57.013Z,,
67df45afc1cf68c4cbfe4e10,11195,63f7a0792bb4b7001231f198,1,601adcb1a8ba4141042532c2,63722d1ffaf87162cc48fe46,4D0D9174,965504,984376,2.015,2.015,2023-07-21T08:22:29.340Z,2023-07-21T14:45:56.202Z,64ba40451a4a7a0013ff1048,64538b2e59cf6600123af26a,18.872,2023-09-01T08:34:57.015Z,,
67df45afc1cf68c4cbfe4e11,11196,63f7a0792bb4b7001231f198,1,601adcb1a8ba4141042532c2,63722d1ffaf87162cc48fe46,B5485549,984376,989281,0.515,0.515,2023-07-24T08:16:05.767Z,2023-07-24T09:42:29.351Z,64be33451a4a7a0013ff4fd1,643d70b933af02001273760d,4.905,2023-09-01T08:34:57.017Z,,
67df45afc1cf68c4cbfe4e12,11197,63f7a0792bb4b7001231f198,1,601adcb1a8ba4141042532c2,63722d1ffaf87162cc48fe46,B5485549,989281,992079,0.336,0.336,2023-07-24T09:42:39.668Z,2023-07-24T12:08:53.323Z,64be478f1a4a7a0013ff5134,643d70b933af02001273760d,2.798,2023-09-01T08:34:57.020Z,,
67df45afc1cf68c4cbfe4e13,11198,63f7a0792bb4b7001231f198,1,601adcb1a8ba4141042532c2,63722d1ffaf87162cc48fe46,C57C5849,992079,1002208,1.028,1.028,2023-07-24T13:10:59.533Z,2023-07-24T18:48:48.411Z,64be78631a4a7a0013ff544f,640f0585c313db0018069244,10.129,2023-09-01T08:34:57.023Z,,
67df45afc1cf68c4cbfe4e14,11199,63f7a0792bb4b7001231f198,1,601adcb1a8ba4141042532c2,63722d1ffaf87162cc48fe46,B5485549,1002208,1009034,0.799,0.799,2023-07-25T10:18:26.053Z,2023-07-25T16:42:51.462Z,64bfa1721a4a7a0013ff66b4,643d70b933af02001273760d,6.826,2023-09-01T08:34:57.025Z,,
67df45afc1cf68c4cbfe4e15,11200,63f7a0792bb4b7001231f198,1,601adcb1a8ba4141042532c2,63722d1ffaf87162cc48fe46,B5485549,1009034,1015306,0.637,0.637,2023-07-25T21:52:46.352Z,2023-07-26T00:41:24.380Z,64c0442e1a4a7a0013ff70cb,643d70b933af02001273760d,6.272,2023-09-01T08:34:57.028Z,,
67df45afc1cf68c4cbfe4e16,11201,63f7a0792bb4b7001231f198,1,601adcb1a8ba4141042532c2,63722d1ffaf87162cc48fe46,4D0D9174,1015306,1078224,6.88,6.88,2023-07-26T07:24:52.324Z,2023-07-26T16:44:46.305Z,64c0ca441a4a7a0013ff7926,64538b2e59cf6600123af26a,62.918,2023-09-01T08:34:57.031Z,,
67df45afc1cf68c4cbfe4e17,11202,63f7a0792bb4b7001231f198,1,601adcb1a8ba4141042532c2,63722d1ffaf87162cc48fe46,F51F555D,1078224,1087915,1.115,1.115,2023-07-27T08:35:49.999Z,2023-07-27T11:43:26.379Z,64c22c661a4a7a0013ff8f8f,6453b82f82ea136b9458e454,9.691,2023-09-01T08:34:57.033Z,,
67df45afc1cf68c4cbfe4e18,11203,63f7a0792bb4b7001231f198,1,601adcb1a8ba4141042532c2,63722d1ffaf87162cc48fe46,B333E6AD,1087915,1087915,,,2023-07-28T08:24:19.220Z,2023-07-28T11:39:30.145Z,64c37b331a4a7a0013ffa41c,640f0585c313db0018069244,0,2023-09-01T08:34:57.036Z,,
67df45afc1cf68c4cbfe4e19,11204,63f7a0792bb4b7001231f198,1,601adcb1a8ba4141042532c2,63722d1ffaf87162cc48fe46,B333E6AD,1087915,1096694,0.891,0.891,2023-07-28T12:53:43.320Z,2023-07-28T16:43:51.298Z,64c3ba571a4a7a0013ffa807,640f0585c313db0018069244,8.779,2023-09-01T08:34:57.038Z,,
67df45afc1cf68c4cbfe4e1a,11205,63f7a0792bb4b7001231f198,1,601adcb1a8ba4141042532c2,63722d1ffaf87162cc48fe46,B5485549,1096694,1100239,0.36,0.36,2023-07-31T14:53:51.821Z,2023-07-31T15:56:36.872Z,64c7caff1a4a7a0013ffe858,643d70b933af02001273760d,3.545,2023-09-01T08:34:57.040Z,,
67df45afc1cf68c4cbfe4e1b,11206,63f7a0792bb4b7001231f198,1,601adcb1a8ba4141042532c2,63722d1ffaf87162cc48fe46,4D0D9174,1100239,1135968,3.911,3.911,2023-08-02T07:30:23.738Z,2023-08-02T15:31:07.555Z,64ca060f1a4a7a0013000c10,64538b2e59cf6600123af26a,35.729,2023-09-01T08:34:57.043Z,,
67df45afc1cf68c4cbfe4e1c,11207,63f7a0792bb4b7001231f198,1,601adcb1a8ba4141042532c2,63722d1ffaf87162cc48fe46,4D0D9174,1135968,1139202,0.33,0.33,2023-08-04T07:11:46.216Z,2023-08-04T10:12:59.101Z,64cca4b21a4a7a0013003579,64538b2e59cf6600123af26a,3.234,2023-09-01T08:34:57.045Z,,
67df45afc1cf68c4cbfe4e1d,11208,63f7a0792bb4b7001231f198,1,601adcb1a8ba4141042532c2,63722d1ffaf87162cc48fe46,B333E6AD,1139202,1149182,1.013,1.013,2023-08-09T14:14:59.701Z,2023-08-09T17:34:48.365Z,64d39f631a4a7a001300a510,640f0585c313db0018069244,9.98,2023-09-01T08:34:57.047Z,,
67df45afc1cf68c4cbfe4e1e,11209,63f7a0792bb4b7001231f198,1,601adcb1a8ba4141042532c2,63722d1ffaf87162cc48fe46,130FE2AD,1149182,1153052,0.393,0.393,2023-08-10T14:56:00.658Z,2023-08-10T16:04:42.402Z,64d4fa801a4a7a001300baa9,643d70b933af02001273760d,3.87,2023-09-01T08:34:57.049Z,,
67df45afc1cf68c4cbfe4e1f,11214,63f7a0792bb4b7001231f198,1,601adcb1a8ba4141042532c2,63722d1ffaf87162cc48fe46,4D0D9174,1153052,1210490,6.326,6.326,2023-08-29T07:52:42.447Z,2023-08-29T15:01:47.804Z,64eda3ca1a4a7a00130243b6,64538b2e59cf6600123af26a,57.438,2023-09-01T08:34:57.061Z,,
67df45afc1cf68c4cbfe4e20,11215,63f7a0792bb4b7001231f198,1,601adcb1a8ba4141042532c2,63722d1ffaf87162cc48fe46,B333E6AD,1210490,1210490,,,2023-08-29T16:31:04.848Z,2023-08-29T16:31:34.842Z,64ee1d481a4a7a0013024bd3,640f0585c313db0018069244,0,2023-09-01T08:34:57.064Z,,
67df45afc1cf68c4cbfe4e21,11218,63f7a0792bb4b7001231f198,1,601adcb1a8ba4141042532c2,63722d1ffaf87162cc48fe46,F51F555D,1210490,1214077,0.409,0.409,2023-09-01T08:53:04.419Z,2023-09-01T11:55:49.462Z,64f1a670b7aee000123cf3a8,6453b82f82ea136b9458e454,3.587,2023-09-15T10:10:37.500Z,,
67df45afc1cf68c4cbfe4e22,11229,63f7a0792bb4b7001231f198,1,601adcb1a8ba4141042532c2,63722d1ffaf87162cc48fe46,B5485549,1214077,1219787,0.685,0.685,2023-09-06T09:25:05.754Z,2023-09-06T16:20:32.758Z,64f84571487d77001244b5a3,643d70b933af02001273760d,5.71,2023-09-15T10:10:38.293Z,,
67df45afc1cf68c4cbfe4e23,11231,63f7a0792bb4b7001231f198,1,601adcb1a8ba4141042532c2,63722d1ffaf87162cc48fe46,B5485549,1219787,1224285,0.473,0.473,2023-09-07T11:41:54.956Z,2023-09-07T13:01:20.951Z,64f9b702487d77001244ccdf,643d70b933af02001273760d,4.498,2023-09-15T10:10:38.470Z,,
67df45afc1cf68c4cbfe4e24,11232,63f7a0792bb4b7001231f198,1,601adcb1a8ba4141042532c2,63722d1ffaf87162cc48fe46,B5485549,1224285,1226957,0.271,0.271,2023-09-07T13:19:26.770Z,2023-09-07T14:09:44.346Z,64f9cdde487d77001244ce43,643d70b933af02001273760d,2.672,2023-09-15T10:10:38.558Z,,
67df45afc1cf68c4cbfe4e25,11233,63f7a0792bb4b7001231f198,1,601adcb1a8ba4141042532c2,63722d1ffaf87162cc48fe46,B5485549,1226957,1229379,0.246,0.246,2023-09-07T14:34:19.094Z,2023-09-07T15:28:44.473Z,64f9df6b487d77001244cfa0,643d70b933af02001273760d,2.422,2023-09-15T10:10:38.646Z,,
67df45afc1cf68c4cbfe4e26,11235,63f7a0792bb4b7001231f198,1,601adcb1a8ba4141042532c2,63722d1ffaf87162cc48fe46,4D0D9174,1229379,1257339,3.227,3.227,2023-09-08T08:44:41.730Z,2023-09-08T11:23:04.516Z,64fadef9487d77001244df71,64538b2e59cf6600123af26a,27.96,2023-09-15T10:10:38.824Z,,
67df45afc1cf68c4cbfe4e27,11236,63f7a0792bb4b7001231f198,1,601adcb1a8ba4141042532c2,63722d1ffaf87162cc48fe46,B5485549,1257339,1268449,1.128,1.128,2023-09-08T13:13:18.056Z,2023-09-08T17:14:51.594Z,64fb1dee487d77001244e383,643d70b933af02001273760d,11.11,2023-09-15T10:10:38.912Z,,
67df45afc1cf68c4cbfe4e28,11237,63f7a0792bb4b7001231f198,1,601adcb1a8ba4141042532c2,63722d1ffaf87162cc48fe46,B5485549,1268449,1271137,0.175,0.175,2023-09-10T18:15:03.699Z,2023-09-10T19:03:20.900Z,64fe07a7487d7700124511dd,643d70b933af02001273760d,2.688,2023-09-15T10:10:39.000Z,,
67df45afc1cf68c4cbfe4e29,11238,63f7a0792bb4b7001231f198,1,601adcb1a8ba4141042532c2,63722d1ffaf87162cc48fe46,4D0D9174,1271137,1286959,1.606,1.606,2023-09-11T07:19:23.654Z,2023-09-11T16:12:25.837Z,64febf7b487d770012451d3f,64538b2e59cf6600123af26a,15.822,2023-09-15T10:10:39.088Z,,
67df45afc1cf68c4cbfe4e2a,11239,63f7a0792bb4b7001231f198,1,601adcb1a8ba4141042532c2,63722d1ffaf87162cc48fe46,130FE2AD,1286959,1290214,0.33,0.33,2023-09-12T13:25:37.875Z,2023-09-12T14:23:36.138Z,650066d1487d770012453779,643d70b933af02001273760d,3.255,2023-09-15T10:10:39.176Z,,
67df45afc1cf68c4cbfe4e2b,11242,63f7a0792bb4b7001231f198,1,601adcb1a8ba4141042532c2,63722d1ffaf87162cc48fe46,B5485549,1290214,1295481,0.575,0.575,2023-09-13T08:30:17.892Z,2023-09-13T11:57:00.126Z,65017319487d77001245489f,643d70b933af02001273760d,5.267,2023-09-15T10:10:39.441Z,,
67df45afc1cf68c4cbfe4e2c,11243,63f7a0792bb4b7001231f198,1,601adcb1a8ba4141042532c2,63722d1ffaf87162cc48fe46,F51F555D,1295481,1303511,0.895,0.895,2023-09-14T07:36:55.553Z,2023-09-14T11:35:27.884Z,6502b817487d770012455cc2,6453b82f82ea136b9458e454,8.03,2023-09-15T10:10:39.530Z,,
67df45afc1cf68c4cbfe4e2d,11244,63f7a0792bb4b7001231f198,1,601adcb1a8ba4141042532c2,63722d1ffaf87162cc48fe46,F51F555D,1303511,1308220,0.478,0.478,2023-09-14T12:50:49.408Z,2023-09-14T18:01:48.134Z,650301a9487d770012456152,6453b82f82ea136b9458e454,4.709,2023-09-15T10:10:39.620Z,,
67df45afc1cf68c4cbfe4e2e,11245,63f7a0792bb4b7001231f198,1,601adcb1a8ba4141042532c2,63722d1ffaf87162cc48fe46,4D0D9174,1308220,,1.728748,1.728748,2023-09-15T07:29:22.350Z,,650407d2487d770012457191,64538b2e59cf6600123af26a,17.032,2023-09-15T15:15:44.068Z,2023-09-15T15:15:44.068Z,2023-09-15T15:15:44.068Z
67df45afc1cf68c4cbfe4e2f,11246,63f7a0792bb4b7001231f198,1,601adcb1a8ba4141042532c2,63722d1ffaf87162cc48fe46,B5485549,1326292,,0,0,2023-09-15T15:36:38.719Z,,65047a06de7ce8001276101a,643d70b933af02001273760d,,,,
67df45b0c1cf68c4cbfe4e30,11249,63f7a0792bb4b7001231f198,1,601adcb1a8ba4141042532c2,63722d1ffaf87162cc48fe46,F51F555D,1334781,,0,0,2023-09-18T07:50:36.089Z,,6508014cde7ce800127647e9,6453b82f82ea136b9458e454,,2023-09-18T16:18:28.549Z,2023-09-18T16:18:28.549Z,2023-09-18T16:18:28.549Z
67df45b0c1cf68c4cbfe4e31,11250,63f7a0792bb4b7001231f198,1,601adcb1a8ba4141042532c2,63722d1ffaf87162cc48fe46,B5485549,1340907,,0,0,2023-09-18T16:18:30.454Z,,65087856de7ce80012764f51,643d70b933af02001273760d,,,,
67df45b0c1cf68c4cbfe4e32,11254,63f7a0792bb4b7001231f198,1,601adcb1a8ba4141042532c2,63722d1ffaf87162cc48fe46,4D0D9174,1352164,1366971,1.503,1.503,2023-09-19T07:15:28.384Z,2023-09-19T16:56:47.496Z,65094a90de7ce80012765c87,64538b2e59cf6600123af26a,14.807,2023-09-21T09:24:19.351Z,,
67df45b0c1cf68c4cbfe4e33,11279,63f7a0792bb4b7001231f198,1,601adcb1a8ba4141042532c2,63722d1ffaf87162cc48fe46,F51F555D,1366971,1376717,0.989,0.989,2023-09-20T13:53:36.649Z,2023-09-20T18:35:34.897Z,650af960ff780400144021d2,6453b82f82ea136b9458e454,9.746,2023-09-21T09:24:19.359Z,,
67df45b0c1cf68c4cbfe4e34,11282,63f7a0792bb4b7001231f198,1,601adcb1a8ba4141042532c2,63722d1ffaf87162cc48fe46,4D0D9174,1376717,1395709,1.928,1.928,2023-09-22T07:32:59.191Z,2023-09-22T16:23:13.244Z,650d432baa29960019180196,64538b2e59cf6600123af26a,18.992,2023-09-26T13:43:53.795Z,,
67df45b0c1cf68c4cbfe4e35,11283,63f7a0792bb4b7001231f198,1,601adcb1a8ba4141042532c2,63722d1ffaf87162cc48fe46,4D0D9174,1395709,1402184,0.657,0.657,2023-09-25T07:24:35.734Z,2023-09-25T09:01:51.836Z,651135b3aa2996001918400d,64538b2e59cf6600123af26a,6.475,2023-09-26T13:43:53.797Z,,
67df45b0c1cf68c4cbfe4e36,11288,63f7a0792bb4b7001231f198,1,601adcb1a8ba4141042532c2,63722d1ffaf87162cc48fe46,F51F555D,1402184,1410359,0.924,0.924,2023-09-26T08:09:43.907Z,2023-09-26T12:10:21.189Z,651291c7aa2996001918565a,6453b82f82ea136b9458e454,8.175,2023-09-26T13:43:53.808Z,,
67df45b0c1cf68c4cbfe4e37,11289,63f7a0792bb4b7001231f198,1,601adcb1a8ba4141042532c2,63722d1ffaf87162cc48fe46,B5485549,1410359,1416683,0.642,0.642,2023-09-26T15:42:15.901Z,2023-09-26T17:33:20.097Z,6512fbd7d43f2400127dddf0,643d70b933af02001273760d,6.324,2023-10-02T14:30:46.902Z,,
67df45b0c1cf68c4cbfe4e38,11290,63f7a0792bb4b7001231f198,1,601adcb1a8ba4141042532c2,63722d1ffaf87162cc48fe46,4D0D9174,1416683,1429899,1.343,1.343,2023-09-27T07:31:49.297Z,2023-09-27T11:08:20.093Z,6513da65d43f2400127dec17,64538b2e59cf6600123af26a,13.216,2023-10-02T14:30:46.993Z,,
67df45b0c1cf68c4cbfe4e39,11291,63f7a0792bb4b7001231f198,1,601adcb1a8ba4141042532c2,63722d1ffaf87162cc48fe46,B5485549,1429899,1440781,1.105,1.105,2023-09-27T14:43:27.668Z,2023-09-27T19:10:06.556Z,65143f8fd43f2400127df250,643d70b933af02001273760d,10.882,2023-10-02T14:30:47.091Z,,
67df45b0c1cf68c4cbfe4e3a,11292,63f7a0792bb4b7001231f198,1,601adcb1a8ba4141042532c2,63722d1ffaf87162cc48fe46,F51F555D,1440781,1451750,1.221,1.221,2023-09-28T07:48:49.012Z,2023-09-28T11:59:01.544Z,65152fe1d43f2400127e0160,6453b82f82ea136b9458e454,10.969,2023-10-02T14:30:47.183Z,,
67df45b0c1cf68c4cbfe4e3b,11293,63f7a0792bb4b7001231f198,1,601adcb1a8ba4141042532c2,63722d1ffaf87162cc48fe46,4D0D9174,1451750,1462285,1.069,1.069,2023-09-29T07:32:05.073Z,2023-09-29T12:50:48.814Z,65167d75d43f2400127e16a5,64538b2e59cf6600123af26a,10.535,2023-10-02T14:30:47.275Z,,
67df45b0c1cf68c4cbfe4e3c,11294,63f7a0792bb4b7001231f198,1,601adcb1a8ba4141042532c2,63722d1ffaf87162cc48fe46,F51F555D,1462285,1466672,0.446,0.446,2023-09-29T13:46:57.346Z,2023-09-29T19:05:00.391Z,6516d551d43f2400127e1bf7,6453b82f82ea136b9458e454,4.387,2023-10-02T14:30:47.372Z,,
67df45b0c1cf68c4cbfe4e3d,11295,63f7a0792bb4b7001231f198,1,601adcb1a8ba4141042532c2,63722d1ffaf87162cc48fe46,4D0D9174,1466672,1473225,0.665,0.665,2023-10-02T07:32:32.238Z,2023-10-02T09:13:50.245Z,651a7210d43f2400127e55ed,64538b2e59cf6600123af26a,6.553,2023-10-02T14:30:47.465Z,,
67df45b0c1cf68c4cbfe4e3e,11296,63f7a0792bb4b7001231f198,1,601adcb1a8ba4141042532c2,63722d1ffaf87162cc48fe46,4D0D9174,1473225,1520401,5.278,5.278,2023-10-03T07:43:23.222Z,2023-10-03T16:23:27.756Z,651bc61bd43f2400127e6aeb,64538b2e59cf6600123af26a,47.176,2023-10-04T12:22:20.981Z,,
67df45b0c1cf68c4cbfe4e3f,11297,63f7a0792bb4b7001231f198,1,601adcb1a8ba4141042532c2,63722d1ffaf87162cc48fe46,130FE2AD,1520401,1521360,0.11,0.11,2023-10-03T18:22:51.107Z,2023-10-03T18:39:57.621Z,651c5bfbd43f2400127e744c,643d70b933af02001273760d,0.959,2023-10-04T12:22:21.079Z,,
67df45b0c1cf68c4cbfe4e40,11299,63f7a0792bb4b7001231f198,1,601adcb1a8ba4141042532c2,63722d1ffaf87162cc48fe46,F51F555D,1521360,1525339,0.421,0.421,2023-10-04T07:57:00.457Z,2023-10-04T11:31:33.159Z,651d1accd43f2400127e801d,6453b82f82ea136b9458e454,3.979,2023-10-04T12:22:21.172Z,,
67df45b0c1cf68c4cbfe4e41,11300,63f7a0792bb4b7001231f198,1,601adcb1a8ba4141042532c2,63722d1ffaf87162cc48fe46,F51F555D,1525339,1527139,0.183,0.183,2023-10-04T13:28:00.235Z,2023-10-04T18:45:15.827Z,651d686095727c0012fed362,6453b82f82ea136b9458e454,1.8,2023-10-09T10:55:58.094Z,,
67df45b0c1cf68c4cbfe4e42,11302,63f7a0792bb4b7001231f198,1,601adcb1a8ba4141042532c2,63722d1ffaf87162cc48fe46,4D0D9174,1527139,1542176,1.544,1.544,2023-10-06T07:36:07.861Z,2023-10-06T15:05:47.532Z,651fb8e795727c0012fef90f,64538b2e59cf6600123af26a,15.037,2023-10-09T10:55:58.262Z,,
67df45b0c1cf68c4cbfe4e43,11306,63f7a0792bb4b7001231f198,1,601adcb1a8ba4141042532c2,63722d1ffaf87162cc48fe46,F51F555D,1542176,1549377,0.822,0.822,2023-10-09T08:42:04.643Z,2023-10-09T11:52:23.013Z,6523bcdc95727c0012ff38f0,6453b82f82ea136b9458e454,7.201,2023-10-31T15:57:38.209Z,,
67df45b0c1cf68c4cbfe4e44,11308,63f7a0792bb4b7001231f198,1,601adcb1a8ba4141042532c2,63722d1ffaf87162cc48fe46,4D0D9174,1549377,1571862,2.321,2.321,2023-10-11T07:34:24.816Z,2023-10-11T11:24:27.101Z,6526500095727c0012ff623b,64538b2e59cf6600123af26a,22.485,2023-10-31T15:57:38.369Z,,
67df45b0c1cf68c4cbfe4e45,11309,63f7a0792bb4b7001231f198,1,601adcb1a8ba4141042532c2,63722d1ffaf87162cc48fe46,F51F555D,1571862,1571862,,,2023-10-11T13:29:31.502Z,2023-10-11T13:30:23.392Z,6526a33b95727c0012ff6725,6453b82f82ea136b9458e454,0,2023-10-31T15:57:38.449Z,,
67df45b0c1cf68c4cbfe4e46,11310,63f7a0792bb4b7001231f198,1,601adcb1a8ba4141042532c2,63722d1ffaf87162cc48fe46,F51F555D,1571862,1571862,,,2023-10-11T13:30:36.488Z,2023-10-11T13:31:42.106Z,6526a37c95727c0012ff6799,6453b82f82ea136b9458e454,0,2023-10-31T15:57:38.529Z,,
67df45b0c1cf68c4cbfe4e47,11311,63f7a0792bb4b7001231f198,1,601adcb1a8ba4141042532c2,63722d1ffaf87162cc48fe46,4D0D9174,1571862,1584151,1.247,1.247,2023-10-13T07:40:16.963Z,2023-10-13T16:18:58.148Z,6528f46095727c0012ff8c34,64538b2e59cf6600123af26a,12.289,2023-10-31T15:57:38.609Z,,
67df45b0c1cf68c4cbfe4e48,11314,63f7a0792bb4b7001231f198,1,601adcb1a8ba4141042532c2,63722d1ffaf87162cc48fe46,F51F555D,1584151,1595340,1.267,1.267,2023-10-16T08:15:57.290Z,2023-10-16T12:01:51.624Z,652cf13d95727c0012ffcbcc,6453b82f82ea136b9458e454,11.189,2023-10-31T15:57:38.849Z,,
67df45b0c1cf68c4cbfe4e49,11315,63f7a0792bb4b7001231f198,1,601adcb1a8ba4141042532c2,63722d1ffaf87162cc48fe46,B5485549,1595340,1604377,0.969,0.969,2023-10-18T07:35:24.382Z,2023-10-18T11:40:19.928Z,652f8abc95727c0012fff559,643d70b933af02001273760d,9.037,2023-10-31T15:57:38.929Z,,
67df45b0c1cf68c4cbfe4e4a,11316,63f7a0792bb4b7001231f198,1,601adcb1a8ba4141042532c2,63722d1ffaf87162cc48fe46,F51F555D,1604377,1610730,0.645,0.645,2023-10-19T12:44:27.392Z,2023-10-19T16:49:45.961Z,653124ab95727c0012000ec7,6453b82f82ea136b9458e454,6.353,2023-10-31T15:57:39.009Z,,
67df45b0c1cf68c4cbfe4e4b,11317,63f7a0792bb4b7001231f198,1,601adcb1a8ba4141042532c2,63722d1ffaf87162cc48fe46,B5485549,1610730,1618788,0.889,0.889,2023-10-20T17:10:17.759Z,2023-10-20T19:32:04.337Z,6532b47995727c00120027d3,643d70b933af02001273760d,8.058,2023-10-31T15:57:39.089Z,,
67df45b0c1cf68c4cbfe4e4c,11320,63f7a0792bb4b7001231f198,1,601adcb1a8ba4141042532c2,63722d1ffaf87162cc48fe46,4D0D9174,1618788,1677748,6.471,6.471,2023-10-23T07:32:49.418Z,2023-10-23T16:27:48.884Z,653621a195727c0012005ebb,64538b2e59cf6600123af26a,58.96,2023-10-31T15:57:39.329Z,,
67df45b0c1cf68c4cbfe4e4d,11321,63f7a0792bb4b7001231f198,1,601adcb1a8ba4141042532c2,63722d1ffaf87162cc48fe46,B5485549,1677748,1679909,0.254,0.254,2023-10-24T09:21:18.877Z,2023-10-24T10:01:37.313Z,65378c8e95727c001200754c,643d70b933af02001273760d,2.161,2023-10-31T15:57:39.409Z,,
67df45b0c1cf68c4cbfe4e4e,11322,63f7a0792bb4b7001231f198,1,601adcb1a8ba4141042532c2,63722d1ffaf87162cc48fe46,B5485549,1679909,1682285,0.285,0.285,2023-10-24T10:01:50.728Z,2023-10-24T10:45:23.665Z,6537960e95727c0012007639,643d70b933af02001273760d,2.376,2023-10-31T15:57:39.491Z,,
67df45b0c1cf68c4cbfe4e4f,11323,63f7a0792bb4b7001231f198,1,601adcb1a8ba4141042532c2,63722d1ffaf87162cc48fe46,B5485549,1682285,1684793,0.255,0.255,2023-10-24T16:47:14.580Z,2023-10-24T17:31:50.447Z,6537f51295727c0012007bf1,643d70b933af02001273760d,2.508,2023-10-31T15:57:39.572Z,,
67df45b0c1cf68c4cbfe4e50,11324,63f7a0792bb4b7001231f198,1,601adcb1a8ba4141042532c2,63722d1ffaf87162cc48fe46,B5485549,1684793,1693925,1.007,1.007,2023-10-25T07:59:55.818Z,2023-10-25T11:21:36.508Z,6538cafb95727c0012008911,643d70b933af02001273760d,9.132,2023-10-31T15:57:39.653Z,,
67df45b0c1cf68c4cbfe4e51,11325,63f7a0792bb4b7001231f198,1,601adcb1a8ba4141042532c2,63722d1ffaf87162cc48fe46,F51F555D,1693925,1706318,1.258,1.258,2023-10-25T13:45:03.675Z,2023-10-25T20:22:33.337Z,65391bdf95727c0012008e75,6453b82f82ea136b9458e454,12.393,2023-10-31T15:57:39.733Z,,
67df45b0c1cf68c4cbfe4e52,11326,63f7a0792bb4b7001231f198,1,601adcb1a8ba4141042532c2,63722d1ffaf87162cc48fe46,F51F555D,1706318,1711041,0.479,0.479,2023-10-26T13:05:14.752Z,2023-10-26T17:04:44.123Z,653a640a95727c001200a323,6453b82f82ea136b9458e454,4.723,2023-10-31T15:57:39.813Z,,
67df45b0c1cf68c4cbfe4e53,11327,63f7a0792bb4b7001231f198,1,601adcb1a8ba4141042532c2,63722d1ffaf87162cc48fe46,4D0D9174,1711041,1728735,1.798,1.798,2023-10-27T07:42:42.785Z,2023-10-27T11:08:49.442Z,653b69f295727c001200b359,64538b2e59cf6600123af26a,17.694,2023-10-31T15:57:39.893Z,,
67df45b0c1cf68c4cbfe4e54,11328,63f7a0792bb4b7001231f198,1,601adcb1a8ba4141042532c2,63722d1ffaf87162cc48fe46,B5485549,1728735,1729366,0.064,0.064,2023-10-27T12:47:29.287Z,2023-10-27T12:58:56.567Z,653bb16195727c001200b7cd,643d70b933af02001273760d,0.631,2023-10-31T15:57:39.973Z,,
67df45b0c1cf68c4cbfe4e55,11329,63f7a0792bb4b7001231f198,1,601adcb1a8ba4141042532c2,63722d1ffaf87162cc48fe46,B5485549,1729366,1738717,0.949,0.949,2023-10-27T13:35:08.888Z,2023-10-27T16:21:31.446Z,653bbc8c95727c001200b8b4,643d70b933af02001273760d,9.351,2023-10-31T15:57:40.053Z,,
67df45b0c1cf68c4cbfe4e56,11330,63f7a0792bb4b7001231f198,1,601adcb1a8ba4141042532c2,63722d1ffaf87162cc48fe46,4D0D9174,1738717,1764031,2.814,2.814,2023-10-27T17:20:00.685Z,2023-10-27T19:43:43.101Z,653bf14095727c001200bbe8,64538b2e59cf6600123af26a,25.314,2023-10-31T15:57:40.133Z,,
67df45b0c1cf68c4cbfe4e57,11331,63f7a0792bb4b7001231f198,1,601adcb1a8ba4141042532c2,63722d1ffaf87162cc48fe46,4D0D9174,1764031,1772127,0.822,0.822,2023-10-30T08:19:42.729Z,2023-10-30T10:20:14.451Z,653f671e95727c001200f2f2,64538b2e59cf6600123af26a,8.096,2023-10-31T15:57:40.213Z,,
67df45b0c1cf68c4cbfe4e58,11332,63f7a0792bb4b7001231f198,1,601adcb1a8ba4141042532c2,63722d1ffaf87162cc48fe46,4D0D9174,1772127,1822758,5.629,5.629,2023-10-31T08:34:26.421Z,2023-10-31T13:22:41.681Z,6540bc1295727c0012010859,64538b2e59cf6600123af26a,50.631,2023-10-31T15:57:40.293Z,,
67df45b0c1cf68c4cbfe4e59,11334,63f7a0792bb4b7001231f198,1,601adcb1a8ba4141042532c2,63722d1ffaf87162cc48fe46,F51F555D,1822758,1831875,0.925,0.925,2023-10-31T14:33:42.407Z,2023-10-31T19:33:08.306Z,6541104695727c0012010de9,6453b82f82ea136b9458e454,9.117,2023-11-08T15:13:17.813Z,,
67df45b0c1cf68c4cbfe4e5a,11357,63f7a0792bb4b7001231f198,1,601adcb1a8ba4141042532c2,63722d1ffaf87162cc48fe46,B5485549,1831875,1837430,0.564,0.564,2023-11-02T15:09:24.531Z,2023-11-02T18:04:46.527Z,6543bba495727c00120138c5,643d70b933af02001273760d,5.555,2023-11-08T15:13:17.865Z,,
67df45b0c1cf68c4cbfe4e5b,11358,63f7a0792bb4b7001231f198,1,601adcb1a8ba4141042532c2,63722d1ffaf87162cc48fe46,F51F555D,1837430,1837444,,,2023-11-03T09:19:37.977Z,2023-11-03T09:20:02.172Z,6544bb2995727c001201488e,6453b82f82ea136b9458e454,0.014,2023-11-08T15:13:17.867Z,,
67df45b0c1cf68c4cbfe4e5c,11359,63f7a0792bb4b7001231f198,1,601adcb1a8ba4141042532c2,63722d1ffaf87162cc48fe46,F51F555D,1837444,1845219,0.929,0.929,2023-11-03T09:21:03.761Z,2023-11-03T12:59:03.706Z,6544bb7f95727c0012014893,6453b82f82ea136b9458e454,7.775,2023-11-08T15:13:17.869Z,,
67df45b0c1cf68c4cbfe4e5d,11360,63f7a0792bb4b7001231f198,1,601adcb1a8ba4141042532c2,63722d1ffaf87162cc48fe46,B5485549,1845219,1849786,0.464,0.464,2023-11-03T13:47:10.980Z,2023-11-03T15:08:56.860Z,6544f9df95727c0012014ca2,643d70b933af02001273760d,4.567,2023-11-08T15:13:17.872Z,,
67df45b0c1cf68c4cbfe4e5e,11361,63f7a0792bb4b7001231f198,1,601adcb1a8ba4141042532c2,63722d1ffaf87162cc48fe46,B5485549,1849786,1853179,0.371,0.371,2023-11-06T08:52:56.358Z,2023-11-06T11:06:15.880Z,6548a96895727c0012018715,643d70b933af02001273760d,3.393,2023-11-08T15:13:17.874Z,,
67df45b0c1cf68c4cbfe4e5f,11362,63f7a0792bb4b7001231f198,1,601adcb1a8ba4141042532c2,63722d1ffaf87162cc48fe46,B5485549,1853179,1860324,0.764,0.764,2023-11-06T16:59:03.055Z,2023-11-06T20:13:11.726Z,65491b5795727c0012018e20,643d70b933af02001273760d,7.145,2023-11-08T15:13:17.876Z,,
67df45b0c1cf68c4cbfe4e60,11363,63f7a0792bb4b7001231f198,1,601adcb1a8ba4141042532c2,63722d1ffaf87162cc48fe46,F51F555D,1860324,1870507,1.17,1.17,2023-11-07T09:39:00.089Z,2023-11-07T12:52:58.412Z,654a05b495727c0012019d11,6453b82f82ea136b9458e454,10.183,2023-11-08T15:13:17.878Z,,
67df45b0c1cf68c4cbfe4e61,11364,63f7a0792bb4b7001231f198,1,601adcb1a8ba4141042532c2,63722d1ffaf87162cc48fe46,B5485549,1870507,1879118,0.998,0.998,2023-11-08T08:52:17.844Z,2023-11-08T12:20:15.229Z,654b4c4195727c001201b14c,643d70b933af02001273760d,8.611,2023-11-08T15:13:17.881Z,,
67df45b0c1cf68c4cbfe4e62,11365,63f7a0792bb4b7001231f198,1,601adcb1a8ba4141042532c2,63722d1ffaf87162cc48fe46,F51F555D,1879118,1881373,0.229,0.229,2023-11-08T14:31:55.963Z,2023-11-08T19:30:19.317Z,654b9bdb95727c001201b6ac,6453b82f82ea136b9458e454,2.255,2023-12-05T10:31:09.494Z,,
67df45b0c1cf68c4cbfe4e63,11366,63f7a0792bb4b7001231f198,1,601adcb1a8ba4141042532c2,63722d1ffaf87162cc48fe46,F51F555D,1881373,1881374,,,2023-11-09T08:52:19.553Z,2023-11-09T08:52:48.221Z,654c9dc338d6260012f6a413,6453b82f82ea136b9458e454,0.001,2023-12-05T10:31:09.496Z,,
67df45b0c1cf68c4cbfe4e64,11367,63f7a0792bb4b7001231f198,1,601adcb1a8ba4141042532c2,63722d1ffaf87162cc48fe46,B5485549,1881374,1881374,,,2023-11-09T13:51:48.123Z,2023-11-09T13:53:07.204Z,654ce3f438d6260012f6a874,643d70b933af02001273760d,0,2023-12-05T10:31:09.498Z,,
67df45b0c1cf68c4cbfe4e65,11368,63f7a0792bb4b7001231f198,1,601adcb1a8ba4141042532c2,63722d1ffaf87162cc48fe46,B5485549,1881374,1881374,,,2023-11-09T13:53:34.836Z,2023-11-09T13:54:00.496Z,654ce45e38d6260012f6a87a,643d70b933af02001273760d,0,2023-12-05T10:31:09.500Z,,
67df45b0c1cf68c4cbfe4e66,11369,63f7a0792bb4b7001231f198,1,601adcb1a8ba4141042532c2,63722d1ffaf87162cc48fe46,B5485549,1881374,1881374,,,2023-11-09T13:54:24.735Z,2023-11-09T13:54:51.798Z,654ce49038d6260012f6a880,643d70b933af02001273760d,0,2023-12-05T10:31:09.502Z,,
67df45b0c1cf68c4cbfe4e67,11370,63f7a0792bb4b7001231f198,1,601adcb1a8ba4141042532c2,63722d1ffaf87162cc48fe46,B5485549,1881374,1881374,,,2023-11-09T13:55:02.908Z,2023-11-09T13:56:40.704Z,654ce4b638d6260012f6a886,643d70b933af02001273760d,0,2023-12-05T10:31:09.504Z,,
67df45b0c1cf68c4cbfe4e68,11371,63f7a0792bb4b7001231f198,1,601adcb1a8ba4141042532c2,63722d1ffaf87162cc48fe46,B5485549,1881374,1881374,,,2023-11-09T13:57:42.614Z,2023-11-09T14:00:42.736Z,654ce55638d6260012f6a88c,643d70b933af02001273760d,0,2023-12-05T10:31:09.506Z,,
67df45b0c1cf68c4cbfe4e69,11372,63f7a0792bb4b7001231f198,1,601adcb1a8ba4141042532c2,63722d1ffaf87162cc48fe46,B5485549,1881374,1881374,,,2023-11-09T14:00:47.798Z,2023-11-09T14:25:56.643Z,654ce60f38d6260012f6a902,643d70b933af02001273760d,0,2023-12-05T10:31:09.509Z,,
67df45b0c1cf68c4cbfe4e6a,11373,63f7a0792bb4b7001231f198,1,601adcb1a8ba4141042532c2,63722d1ffaf87162cc48fe46,B5485549,1881374,1886784,0.549,0.549,2023-11-09T14:25:58.554Z,2023-11-09T17:22:45.216Z,654cebf638d6260012f6a931,643d70b933af02001273760d,5.41,2023-12-05T10:31:09.511Z,,
67df45b0c1cf68c4cbfe4e6b,11374,63f7a0792bb4b7001231f198,1,601adcb1a8ba4141042532c2,63722d1ffaf87162cc48fe46,F51F555D,1886784,1894690,0.802,0.802,2023-11-10T14:07:57.793Z,2023-11-10T17:42:02.757Z,654e393d38d6260012f6be38,6453b82f82ea136b9458e454,7.906,2023-12-05T10:31:09.514Z,,
67df45b0c1cf68c4cbfe4e6c,11375,63f7a0792bb4b7001231f198,1,601adcb1a8ba4141042532c2,63722d1ffaf87162cc48fe46,F51F555D,1894690,1901207,0.783,0.783,2023-11-10T18:41:43.067Z,2023-11-10T21:06:31.458Z,654e796738d6260012f6c244,6453b82f82ea136b9458e454,6.517,2023-12-05T10:31:09.516Z,,
67df45b0c1cf68c4cbfe4e6d,11376,63f7a0792bb4b7001231f198,1,601adcb1a8ba4141042532c2,63722d1ffaf87162cc48fe46,B5485549,1901207,1907439,0.633,0.633,2023-11-10T21:10:32.366Z,2023-11-10T23:02:44.488Z,654e9c4838d6260012f6c48e,643d70b933af02001273760d,6.232,2023-12-05T10:31:09.522Z,,
67df45b0c1cf68c4cbfe4e6e,11377,63f7a0792bb4b7001231f198,1,601adcb1a8ba4141042532c2,63722d1ffaf87162cc48fe46,4D0D9174,1907439,1914355,0.451,0.451,2023-11-12T11:16:53.014Z,2023-11-12T11:56:24.295Z,6550b42538d6260012f6e5c4,64538b2e59cf6600123af26a,6.916,2023-12-05T10:31:09.524Z,,
67df45b0c1cf68c4cbfe4e6f,11378,63f7a0792bb4b7001231f198,1,601adcb1a8ba4141042532c2,63722d1ffaf87162cc48fe46,4D0D9174,1914355,1980508,7.201,7.201,2023-11-13T08:19:41.321Z,2023-11-13T17:40:30.290Z,6551dc1d38d6260012f6f81c,64538b2e59cf6600123af26a,66.153,2023-12-05T10:31:09.526Z,,
67df45b0c1cf68c4cbfe4e70,11379,63f7a0792bb4b7001231f198,1,601adcb1a8ba4141042532c2,63722d1ffaf87162cc48fe46,F51F555D,1980508,1989620,0.925,0.925,2023-11-14T15:04:14.646Z,2023-11-14T21:12:27.111Z,65538c6e38d6260012f7136e,6453b82f82ea136b9458e454,9.112,2023-12-05T10:31:09.528Z,,
67df45b0c1cf68c4cbfe4e71,11380,63f7a0792bb4b7001231f198,1,601adcb1a8ba4141042532c2,63722d1ffaf87162cc48fe46,B5485549,1989620,1995491,0.668,0.668,2023-11-15T08:53:18.256Z,2023-11-15T12:16:52.127Z,655486fe38d6260012f722dc,643d70b933af02001273760d,5.871,2023-12-05T10:31:09.530Z,,
67df45b0c1cf68c4cbfe4e72,11381,63f7a0792bb4b7001231f198,1,601adcb1a8ba4141042532c2,63722d1ffaf87162cc48fe46,B5485549,1995491,1997767,0.231,0.231,2023-11-15T15:25:01.235Z,2023-11-15T16:58:21.597Z,6554e2cd38d6260012f728a3,643d70b933af02001273760d,2.276,2023-12-05T10:31:09.532Z,,
67df45b0c1cf68c4cbfe4e73,11382,63f7a0792bb4b7001231f198,1,601adcb1a8ba4141042532c2,63722d1ffaf87162cc48fe46,F51F555D,1997767,2004739,0.798,0.798,2023-11-16T08:45:57.347Z,2023-11-16T13:15:15.705Z,6555d6c538d6260012f737fe,6453b82f82ea136b9458e454,6.972,2023-12-05T10:31:09.536Z,,
67df45b0c1cf68c4cbfe4e74,11383,63f7a0792bb4b7001231f198,1,601adcb1a8ba4141042532c2,63722d1ffaf87162cc48fe46,B5485549,2004739,2009385,0.472,0.472,2023-11-16T13:55:43.841Z,2023-11-16T16:53:07.370Z,65561f5f38d6260012f73c79,643d70b933af02001273760d,4.646,2023-12-05T10:31:09.538Z,,
67df45b0c1cf68c4cbfe4e75,11384,63f7a0792bb4b7001231f198,1,601adcb1a8ba4141042532c2,63722d1ffaf87162cc48fe46,F51F555D,2009385,2021909,1.271,1.271,2023-11-20T14:10:25.696Z,2023-11-20T21:11:45.353Z,655b68d138d6260012f790a1,6453b82f82ea136b9458e454,12.524,2023-12-05T10:31:09.540Z,,
67df45b0c1cf68c4cbfe4e76,11385,63f7a0792bb4b7001231f198,1,601adcb1a8ba4141042532c2,63722d1ffaf87162cc48fe46,B5485549,2021909,2025556,0.391,0.391,2023-11-21T17:41:59.949Z,2023-11-21T18:47:02.349Z,655cebe738d6260012f7a8cb,643d70b933af02001273760d,3.647,2023-12-05T10:31:09.542Z,,
67df45b0c1cf68c4cbfe4e77,11386,63f7a0792bb4b7001231f198,1,601adcb1a8ba4141042532c2,63722d1ffaf87162cc48fe46,B5485549,2025556,2034287,1.012,1.012,2023-11-22T08:51:51.416Z,2023-11-22T12:18:59.582Z,655dc12738d6260012f7b5f1,643d70b933af02001273760d,8.731,2023-12-05T10:31:09.545Z,,
67df45b0c1cf68c4cbfe4e78,11387,63f7a0792bb4b7001231f198,1,601adcb1a8ba4141042532c2,63722d1ffaf87162cc48fe46,B5485549,2034287,2038145,0.392,0.392,2023-11-22T15:54:50.994Z,2023-11-22T20:15:00.298Z,655e244b38d6260012f7bc30,643d70b933af02001273760d,3.858,2023-12-05T10:31:09.547Z,,
67df45b0c1cf68c4cbfe4e79,11388,63f7a0792bb4b7001231f198,1,601adcb1a8ba4141042532c2,63722d1ffaf87162cc48fe46,F51F555D,2038145,2048460,1.192,1.192,2023-11-23T08:51:53.628Z,2023-11-23T13:06:09.255Z,655f12a938d6260012f7cb14,6453b82f82ea136b9458e454,10.315,2023-12-05T10:31:09.551Z,,
67df45b0c1cf68c4cbfe4e7a,11389,63f7a0792bb4b7001231f198,1,601adcb1a8ba4141042532c2,63722d1ffaf87162cc48fe46,B5485549,2048460,2051345,0.293,0.293,2023-11-23T14:23:54.358Z,2023-11-23T16:16:06.550Z,655f607a38d6260012f7d00c,643d70b933af02001273760d,2.885,2023-12-05T10:31:09.553Z,,
67df45b0c1cf68c4cbfe4e7b,11390,63f7a0792bb4b7001231f198,1,601adcb1a8ba4141042532c2,63722d1ffaf87162cc48fe46,4D0D9174,2051345,2112753,6.724,6.724,2023-11-24T07:53:33.929Z,2023-11-24T17:17:00.702Z,6560567d38d6260012f7df5c,64538b2e59cf6600123af26a,61.408,2023-12-05T10:31:09.555Z,,
67df45b0c1cf68c4cbfe4e7c,11391,63f7a0792bb4b7001231f198,1,601adcb1a8ba4141042532c2,63722d1ffaf87162cc48fe46,B5485549,2112753,2116699,0.448,0.448,2023-11-27T08:59:44.937Z,2023-11-27T11:12:48.568Z,65645a8038d6260012f81f3e,643d70b933af02001273760d,3.946,2023-12-05T10:31:09.557Z,,
67df45b0c1cf68c4cbfe4e7d,11392,63f7a0792bb4b7001231f198,1,601adcb1a8ba4141042532c2,63722d1ffaf87162cc48fe46,F51F555D,2116699,2125421,0.885,0.885,2023-11-27T13:56:54.150Z,2023-11-27T19:33:10.204Z,6564a02638d6260012f823ae,6453b82f82ea136b9458e454,8.722,2023-12-05T10:31:09.559Z,,
67df45b0c1cf68c4cbfe4e7e,11393,63f7a0792bb4b7001231f198,1,601adcb1a8ba4141042532c2,63722d1ffaf87162cc48fe46,B5485549,2125421,2130711,0.573,0.573,2023-11-28T17:27:03.358Z,2023-11-28T19:01:33.500Z,656622e738d6260012f83bcb,643d70b933af02001273760d,5.29,2023-12-05T10:31:09.563Z,,
67df45b0c1cf68c4cbfe4e7f,11394,63f7a0792bb4b7001231f198,1,601adcb1a8ba4141042532c2,63722d1ffaf87162cc48fe46,B5485549,2130711,2137987,0.842,0.842,2023-11-29T08:58:12.111Z,2023-11-29T12:14:56.073Z,6566fd2438d6260012f84963,643d70b933af02001273760d,7.276,2023-12-05T10:31:09.565Z,,
67df45b0c1cf68c4cbfe4e80,11395,63f7a0792bb4b7001231f198,1,601adcb1a8ba4141042532c2,63722d1ffaf87162cc48fe46,F51F555D,2137987,2138025,0.004,0.004,2023-11-29T14:51:43.365Z,2023-11-29T14:52:33.818Z,65674fff38d6260012f84ebe,6453b82f82ea136b9458e454,0.038,2023-12-05T10:31:09.567Z,,
67df45b0c1cf68c4cbfe4e81,11396,63f7a0792bb4b7001231f198,1,601adcb1a8ba4141042532c2,63722d1ffaf87162cc48fe46,F51F555D,2138025,2148990,1.113,1.113,2023-11-29T14:54:05.186Z,2023-11-29T19:30:24.275Z,6567508d38d6260012f84ec4,6453b82f82ea136b9458e454,10.965,2023-12-05T10:31:09.569Z,,
67df45b0c1cf68c4cbfe4e82,11397,63f7a0792bb4b7001231f198,1,601adcb1a8ba4141042532c2,63722d1ffaf87162cc48fe46,4D0D9174,2148990,2199752,5.643,5.643,2023-11-30T08:48:05.175Z,2023-11-30T17:20:20.080Z,65684c4538d6260012f85ea2,64538b2e59cf6600123af26a,50.762,2023-12-05T10:31:09.571Z,,
67df45b0c1cf68c4cbfe4e83,11398,63f7a0792bb4b7001231f198,1,601adcb1a8ba4141042532c2,63722d1ffaf87162cc48fe46,B5485549,2199752,2210216,1.122,1.122,2023-12-04T16:15:22.733Z,2023-12-04T20:13:56.500Z,656dfb1a38d6260012f8b92d,643d70b933af02001273760d,10.464,2023-12-05T10:31:09.573Z,,
67df45b0c1cf68c4cbfe4e84,11399,63f7a0792bb4b7001231f198,1,601adcb1a8ba4141042532c2,63722d1ffaf87162cc48fe46,130FE2AD,2210216,2210534,0.032,0.032,2023-12-05T08:34:15.635Z,2023-12-05T08:40:12.143Z,656ee08738d6260012f8c7be,643d70b933af02001273760d,0.318,2023-12-05T10:31:09.577Z,,
67df45b0c1cf68c4cbfe4e85,11400,63f7a0792bb4b7001231f198,1,601adcb1a8ba4141042532c2,63722d1ffaf87162cc48fe46,F51F555D,2210534,2210553,0.002,0.002,2023-12-05T09:17:59.595Z,2023-12-05T09:19:15.831Z,656eeac738d6260012f8c835,6453b82f82ea136b9458e454,0.019,2023-12-05T10:31:09.579Z,,
67df45b0c1cf68c4cbfe4e86,11401,63f7a0792bb4b7001231f198,1,601adcb1a8ba4141042532c2,63722d1ffaf87162cc48fe46,F51F555D,2210553,2217625,0.844,0.844,2023-12-05T09:19:35.244Z,2023-12-05T11:31:20.097Z,656eeb2738d6260012f8c83b,6453b82f82ea136b9458e454,7.072,2023-12-06T15:09:21.424Z,,
67df45b0c1cf68c4cbfe4e87,11402,63f7a0792bb4b7001231f198,1,601adcb1a8ba4141042532c2,63722d1ffaf87162cc48fe46,F51F555D,2217625,2227918,1.045,1.045,2023-12-05T14:09:49.763Z,2023-12-05T20:23:29.439Z,656f2f2d25a1380012e2b7b4,6453b82f82ea136b9458e454,10.293,2023-12-06T15:09:21.504Z,,
67df45b0c1cf68c4cbfe4e88,11403,63f7a0792bb4b7001231f198,1,601adcb1a8ba4141042532c2,63722d1ffaf87162cc48fe46,B5485549,2227918,2236952,1.048,1.048,2023-12-06T08:58:29.901Z,2023-12-06T12:09:05.397Z,657037b525a1380012e2c7fe,643d70b933af02001273760d,9.034,2023-12-06T15:09:21.589Z,,
67df45b0c1cf68c4cbfe4e89,11406,63f7a0792bb4b7001231f198,1,601adcb1a8ba4141042532c2,63722d1ffaf87162cc48fe46,B5485549,2236952,2240100,0.32,0.32,2023-12-06T16:01:23.284Z,2023-12-06T17:43:35.039Z,65709ad325a1380012e2ceb3,643d70b933af02001273760d,3.148,2023-12-13T18:09:06.779Z,,
67df45b0c1cf68c4cbfe4e8a,11407,63f7a0792bb4b7001231f198,1,601adcb1a8ba4141042532c2,63722d1ffaf87162cc48fe46,B5485549,2240100,2243557,0.4,0.4,2023-12-06T18:14:06.013Z,2023-12-06T20:08:18.951Z,6570b9ee25a1380012e2d085,643d70b933af02001273760d,3.457,2023-12-13T18:09:06.873Z,,
67df45b0c1cf68c4cbfe4e8b,11408,63f7a0792bb4b7001231f198,1,601adcb1a8ba4141042532c2,63722d1ffaf87162cc48fe46,B5485549,2266546,2274379,0.841,0.841,2023-12-12T16:50:23.936Z,2023-12-12T19:09:25.986Z,65788f4f25a1380012e34c3f,643d70b933af02001273760d,7.833,2023-12-13T18:09:06.969Z,,
67df45b0c1cf68c4cbfe4e8c,11409,63f7a0792bb4b7001231f198,1,601adcb1a8ba4141042532c2,63722d1ffaf87162cc48fe46,B5485549,2274379,2281636,0.819,0.819,2023-12-13T08:39:05.551Z,2023-12-13T11:17:23.968Z,65796da925a1380012e35a50,643d70b933af02001273760d,7.257,2023-12-13T18:09:07.065Z,,
67df45b0c1cf68c4cbfe4e8d,11410,63f7a0792bb4b7001231f198,1,601adcb1a8ba4141042532c2,63722d1ffaf87162cc48fe46,F51F555D,2281636,2289979,0.847,0.847,2023-12-13T15:10:30.571Z,2023-12-13T19:27:02.774Z,6579c96625a1380012e3601b,6453b82f82ea136b9458e454,8.343,2023-12-14T11:35:15.686Z,,
67df45b0c1cf68c4cbfe4e8e,11411,63f7a0792bb4b7001231f198,1,601adcb1a8ba4141042532c2,63722d1ffaf87162cc48fe46,4D0D9174,2289979,2297337,0.747,0.747,2023-12-14T08:41:58.423Z,2023-12-14T11:10:13.953Z,657abfd625a1380012e36f87,64538b2e59cf6600123af26a,7.358,2023-12-14T11:35:15.770Z,,
67df45b0c1cf68c4cbfe4e8f,11412,63f7a0792bb4b7001231f198,1,601adcb1a8ba4141042532c2,63722d1ffaf87162cc48fe46,B5485549,2297337,2298971,0.166,0.166,2023-12-14T16:55:56.021Z,2023-12-14T17:48:29.966Z,657b339c25a1380012e3768d,643d70b933af02001273760d,1.634,2023-12-15T12:19:47.469Z,,
67df45b0c1cf68c4cbfe4e90,11413,63f7a0792bb4b7001231f198,1,601adcb1a8ba4141042532c2,63722d1ffaf87162cc48fe46,4D0D9174,2298971,2329430,3.506,3.506,2023-12-15T08:43:41.696Z,2023-12-15T17:34:23.315Z,657c11bd25a1380012e3848a,64538b2e59cf6600123af26a,30.459,2023-12-15T18:11:44.274Z,,
67df45b0c1cf68c4cbfe4e91,11414,63f7a0792bb4b7001231f198,1,601adcb1a8ba4141042532c2,63722d1ffaf87162cc48fe46,F51F555D,2329430,2338947,0.966,0.966,2023-12-18T13:50:00.968Z,2023-12-18T19:03:54.731Z,65804e0825a1380012e3c7c5,6453b82f82ea136b9458e454,9.517,2023-12-19T11:11:16.111Z,,
67df45b0c1cf68c4cbfe4e92,11415,63f7a0792bb4b7001231f198,1,601adcb1a8ba4141042532c2,63722d1ffaf87162cc48fe46,F51F555D,2338947,2340942,0.24,0.24,2023-12-19T09:56:13.311Z,2023-12-19T10:41:49.063Z,658168bd25a1380012e3d95c,6453b82f82ea136b9458e454,1.995,2023-12-19T11:11:16.190Z,,
67df45b0c1cf68c4cbfe4e93,11416,63f7a0792bb4b7001231f198,1,601adcb1a8ba4141042532c2,63722d1ffaf87162cc48fe46,F51F555D,2340942,2340942,,,2023-12-19T13:36:56.462Z,2023-12-19T13:37:19.810Z,65819c784d0bf80012575178,6453b82f82ea136b9458e454,0,2023-12-19T16:32:33.821Z,,
67df45b0c1cf68c4cbfe4e94,11417,63f7a0792bb4b7001231f198,1,601adcb1a8ba4141042532c2,63722d1ffaf87162cc48fe46,F51F555D,2340942,2340942,,,2023-12-19T15:01:47.838Z,2023-12-19T15:02:06.213Z,6581b05b4d0bf800125752d2,6453b82f82ea136b9458e454,0,2023-12-19T16:32:33.919Z,,
67df45b0c1cf68c4cbfe4e95,11418,63f7a0792bb4b7001231f198,1,601adcb1a8ba4141042532c2,63722d1ffaf87162cc48fe46,B5485549,2340942,2340942,,,2023-12-20T14:24:35.846Z,2023-12-20T17:36:45.991Z,6582f9234d0bf80012576712,643d70b933af02001273760d,0,2024-01-22T12:13:21.007Z,,
67df45b0c1cf68c4cbfe4e96,11419,63f7a0792bb4b7001231f198,1,601adcb1a8ba4141042532c2,63722d1ffaf87162cc48fe46,F51F555D,2340942,2340943,,,2023-12-22T09:03:24.326Z,2023-12-22T09:05:03.646Z,658550dc4d0bf80012578c99,6453b82f82ea136b9458e454,0.001,2023-12-22T09:05:06.256Z,2023-12-22T09:05:06.256Z,2023-12-22T09:05:06.256Z
67df45b0c1cf68c4cbfe4e97,11420,63f7a0792bb4b7001231f198,1,601adcb1a8ba4141042532c2,63722d1ffaf87162cc48fe46,4D0D9174,2340943,2340943,,,2023-12-22T10:29:39.639Z,2023-12-22T17:16:59.107Z,658565134d0bf80012578d85,64538b2e59cf6600123af26a,0,2024-01-22T12:13:21.012Z,,
67df45b0c1cf68c4cbfe4e98,11421,63f7a0792bb4b7001231f198,1,601adcb1a8ba4141042532c2,63722d1ffaf87162cc48fe46,4D0D9174,2340943,2340943,,,2023-12-23T09:18:17.891Z,2023-12-23T09:18:42.459Z,6586a5d94d0bf8001257a1a0,64538b2e59cf6600123af26a,0,2024-01-22T12:13:21.014Z,,
67df45b0c1cf68c4cbfe4e99,11422,63f7a0792bb4b7001231f198,1,601adcb1a8ba4141042532c2,63722d1ffaf87162cc48fe46,4D0D9174,2340943,2340943,,,2023-12-23T09:18:47.684Z,2023-12-23T09:19:14.498Z,6586a5f74d0bf8001257a1ac,64538b2e59cf6600123af26a,0,2024-01-22T12:13:21.016Z,,
67df45b0c1cf68c4cbfe4e9a,11423,63f7a0792bb4b7001231f198,1,601adcb1a8ba4141042532c2,63722d1ffaf87162cc48fe46,4D0D9174,2340943,2340943,,,2023-12-23T09:19:20.346Z,2023-12-23T09:19:25.298Z,6586a6184d0bf8001257a1b8,64538b2e59cf6600123af26a,0,2024-01-22T12:13:21.018Z,,
67df45b0c1cf68c4cbfe4e9b,11424,63f7a0792bb4b7001231f198,1,601adcb1a8ba4141042532c2,63722d1ffaf87162cc48fe46,4D0D9174,2340943,2340943,,,2023-12-23T09:19:30.818Z,2023-12-23T09:19:50.104Z,6586a6224d0bf8001257a1c3,64538b2e59cf6600123af26a,0,2024-01-22T12:13:21.020Z,,
67df45b0c1cf68c4cbfe4e9c,11425,63f7a0792bb4b7001231f198,1,601adcb1a8ba4141042532c2,63722d1ffaf87162cc48fe46,4D0D9174,2340943,2340943,,,2023-12-29T14:09:00.003Z,2023-12-29T14:10:44.188Z,658ed2fc4d0bf8001258239d,64538b2e59cf6600123af26a,0,2023-12-29T14:10:44.969Z,2023-12-29T14:10:44.969Z,2023-12-29T14:10:44.969Z
67df45b0c1cf68c4cbfe4e9d,11426,63f7a0792bb4b7001231f198,1,601adcb1a8ba4141042532c2,63722d1ffaf87162cc48fe46,4D0D9174,2340943,2340943,,,2023-12-29T14:10:50.880Z,2023-12-29T14:11:40.558Z,658ed36a4d0bf800125823a9,64538b2e59cf6600123af26a,0,2024-01-22T12:13:21.024Z,,
67df45b0c1cf68c4cbfe4e9e,11427,63f7a0792bb4b7001231f198,1,601adcb1a8ba4141042532c2,63722d1ffaf87162cc48fe46,B5485549,2340943,2340943,,,2023-12-29T17:19:29.608Z,2023-12-29T17:19:54.212Z,658effa14d0bf80012582653,643d70b933af02001273760d,0,2024-01-22T12:13:21.027Z,,
67df45b0c1cf68c4cbfe4e9f,11428,63f7a0792bb4b7001231f198,1,601adcb1a8ba4141042532c2,63722d1ffaf87162cc48fe46,4D0D9174,2340943,2340943,,,2024-01-03T08:34:13.497Z,2024-01-03T08:34:37.256Z,65951c054d0bf80012588735,64538b2e59cf6600123af26a,0,2024-01-22T12:13:21.029Z,,
67df45b0c1cf68c4cbfe4ea0,11429,63f7a0792bb4b7001231f198,1,601adcb1a8ba4141042532c2,63722d1ffaf87162cc48fe46,55865549,2340943,2340943,,,2024-01-03T08:40:01.621Z,2024-01-03T08:40:59.369Z,65951d614d0bf80012588744,6474a5e94c3f470012aeec9b,0,2024-01-22T12:13:21.031Z,,
67df45b0c1cf68c4cbfe4ea1,11430,63f7a0792bb4b7001231f198,1,601adcb1a8ba4141042532c2,63722d1ffaf87162cc48fe46,55865549,2340943,2340945,,,2024-01-03T08:41:12.094Z,2024-01-03T08:41:55.708Z,65951da84d0bf8001258874f,6474a5e94c3f470012aeec9b,0.002,2024-01-22T12:13:21.033Z,,
67df45b0c1cf68c4cbfe4ea2,11431,63f7a0792bb4b7001231f198,1,601adcb1a8ba4141042532c2,63722d1ffaf87162cc48fe46,B5485549,2340945,2340945,,,2024-01-03T16:26:00.613Z,2024-01-03T16:26:17.617Z,65958a984d0bf80012588de5,643d70b933af02001273760d,0,2024-01-22T12:13:21.035Z,,
67df45b0c1cf68c4cbfe4ea3,11432,63f7a0792bb4b7001231f198,1,601adcb1a8ba4141042532c2,63722d1ffaf87162cc48fe46,B5485549,2340945,2340945,,,2024-01-03T16:26:23.116Z,2024-01-03T16:26:36.539Z,65958aaf4d0bf80012588df1,643d70b933af02001273760d,0,2024-01-22T12:13:21.037Z,,
67df45b0c1cf68c4cbfe4ea4,11433,63f7a0792bb4b7001231f198,1,601adcb1a8ba4141042532c2,63722d1ffaf87162cc48fe46,4D0D9174,2340945,2340945,,,2024-01-04T08:29:53.055Z,2024-01-04T08:30:20.894Z,65966c814d0bf80012589bf0,64538b2e59cf6600123af26a,0,2024-01-22T12:13:21.039Z,,
67df45b0c1cf68c4cbfe4ea5,11434,63f7a0792bb4b7001231f198,1,601adcb1a8ba4141042532c2,63722d1ffaf87162cc48fe46,55865549,2340945,2340947,,,2024-01-05T08:53:51.527Z,2024-01-05T08:55:05.210Z,6597c39f4d0bf8001258b154,6474a5e94c3f470012aeec9b,0.002,2024-01-22T12:13:21.041Z,,
67df45b0c1cf68c4cbfe4ea6,11435,63f7a0792bb4b7001231f198,1,601adcb1a8ba4141042532c2,63722d1ffaf87162cc48fe46,F51F555D,2340947,2340948,,,2024-01-08T17:48:39.914Z,2024-01-08T17:49:07.316Z,659c35774d0bf8001258f7f0,6453b82f82ea136b9458e454,0.001,2024-01-22T12:13:21.043Z,,
67df45b0c1cf68c4cbfe4ea7,11436,63f7a0792bb4b7001231f198,1,601adcb1a8ba4141042532c2,63722d1ffaf87162cc48fe46,F51F555D,2340948,2340948,,,2024-01-08T17:49:16.427Z,2024-01-08T17:49:27.199Z,659c359c4d0bf8001258f7fc,6453b82f82ea136b9458e454,0,2024-01-22T12:13:21.046Z,,
67df45b0c1cf68c4cbfe4ea8,11437,63f7a0792bb4b7001231f198,1,601adcb1a8ba4141042532c2,63722d1ffaf87162cc48fe46,F51F555D,2340948,2340950,,,2024-01-08T17:50:14.332Z,2024-01-08T17:51:39.216Z,659c35d64d0bf8001258f804,6453b82f82ea136b9458e454,0.002,2024-01-22T12:13:21.048Z,,
67df45b0c1cf68c4cbfe4ea9,11438,63f7a0792bb4b7001231f198,1,601adcb1a8ba4141042532c2,63722d1ffaf87162cc48fe46,F51F555D,2340950,2340950,,,2024-01-08T17:51:53.213Z,2024-01-08T18:54:27.827Z,659c36394d0bf8001258f810,6453b82f82ea136b9458e454,0,2024-01-22T12:13:21.050Z,,
67df45b0c1cf68c4cbfe4eaa,11439,63f7a0792bb4b7001231f198,1,601adcb1a8ba4141042532c2,63722d1ffaf87162cc48fe46,B5485549,2340950,2340951,,,2024-01-09T17:58:49.162Z,2024-01-09T17:59:06.286Z,659d89594d0bf80012590d02,643d70b933af02001273760d,0.001,2024-01-22T12:13:21.052Z,,
67df45b0c1cf68c4cbfe4eab,11440,63f7a0792bb4b7001231f198,1,601adcb1a8ba4141042532c2,63722d1ffaf87162cc48fe46,B5485549,2340951,2340951,,,2024-01-09T17:59:12.624Z,2024-01-09T17:59:36.168Z,659d89704d0bf80012590d0e,643d70b933af02001273760d,0,2024-01-22T12:13:21.054Z,,
67df45b0c1cf68c4cbfe4eac,11441,63f7a0792bb4b7001231f198,1,601adcb1a8ba4141042532c2,63722d1ffaf87162cc48fe46,4D0D9174,2340951,2340951,,,2024-01-10T08:37:05.471Z,2024-01-10T08:38:07.672Z,659e57314d0bf80012591a2c,64538b2e59cf6600123af26a,0,2024-01-22T12:13:21.056Z,,
67df45b0c1cf68c4cbfe4ead,11442,63f7a0792bb4b7001231f198,1,601adcb1a8ba4141042532c2,63722d1ffaf87162cc48fe46,B5485549,2340951,2340951,,,2024-01-10T17:35:24.298Z,2024-01-10T17:35:34.853Z,659ed55c4d0bf80012592210,643d70b933af02001273760d,0,2024-01-22T12:13:21.058Z,,
67df45b0c1cf68c4cbfe4eae,11443,63f7a0792bb4b7001231f198,1,601adcb1a8ba4141042532c2,63722d1ffaf87162cc48fe46,B5485549,2340951,2340951,,,2024-01-11T18:23:23.247Z,2024-01-11T18:23:40.341Z,65a0321b4d0bf80012593775,643d70b933af02001273760d,0,2024-01-22T12:13:21.061Z,,
67df45b0c1cf68c4cbfe4eaf,11444,63f7a0792bb4b7001231f198,1,601adcb1a8ba4141042532c2,63722d1ffaf87162cc48fe46,B5485549,2340951,2340951,,,2024-01-18T15:09:32.128Z,2024-01-18T15:09:43.000Z,65a93f2c4d0bf8001259c73d,643d70b933af02001273760d,0,2024-01-22T12:13:21.062Z,,
67df45b0c1cf68c4cbfe4eb0,11445,63f7a0792bb4b7001231f198,1,601adcb1a8ba4141042532c2,63722d1ffaf87162cc48fe46,25E45549,2340951,2340953,,,2024-01-22T11:12:48.903Z,2024-01-22T11:13:56.735Z,65ae4db04d0bf800125a176e,6474a5e94c3f470012aeec9b,0.002,2024-01-22T12:13:21.064Z,,
67df45b0c1cf68c4cbfe4eb1,11446,63f7a0792bb4b7001231f198,1,601adcb1a8ba4141042532c2,63722d1ffaf87162cc48fe46,DD49B374,2340953,2340954,,,2024-01-22T11:20:38.455Z,2024-01-22T11:33:48.403Z,65ae4f86c3542e22781f7ccc,5f92f8a6aaafd5300493b6d0,0.001,2024-01-22T12:13:21.066Z,,
67df45b0c1cf68c4cbfe4eb2,11447,63f7a0792bb4b7001231f198,1,601adcb1a8ba4141042532c2,63722d1ffaf87162cc48fe46,DD49B374,2340954,2341010,0.007,0.007,2024-01-22T11:34:18.153Z,2024-01-22T11:36:54.685Z,65ae52ba779c2d3390abe362,5f92f8a6aaafd5300493b6d0,0.056,2024-01-22T12:13:21.068Z,,
67df45b0c1cf68c4cbfe4eb3,11448,63f7a0792bb4b7001231f198,1,601adcb1a8ba4141042532c2,63722d1ffaf87162cc48fe46,DD49B374,2341010,2341010,,,2024-01-22T11:37:14.220Z,2024-01-22T11:37:55.017Z,65ae536a1ee6fc5950732de9,5f92f8a6aaafd5300493b6d0,0,2024-01-22T12:13:21.071Z,,
67df45b0c1cf68c4cbfe4eb4,11449,63f7a0792bb4b7001231f198,1,601adcb1a8ba4141042532c2,63722d1ffaf87162cc48fe46,DD49B374,2341010,2341010,,,2024-01-22T11:38:15.710Z,2024-01-22T11:39:35.731Z,65ae53a71ee6fc5950732df3,5f92f8a6aaafd5300493b6d0,0,2024-01-22T12:13:21.073Z,,
67df45b0c1cf68c4cbfe4eb5,11450,63f7a0792bb4b7001231f198,1,601adcb1a8ba4141042532c2,63722d1ffaf87162cc48fe46,DD49B374,2341010,2341010,,,2024-01-22T11:39:45.074Z,2024-01-22T11:42:05.905Z,65ae54011ee6fc5950732e01,5f92f8a6aaafd5300493b6d0,0,2024-01-22T12:13:21.075Z,,
67df45b0c1cf68c4cbfe4eb6,11451,63f7a0792bb4b7001231f198,1,601adcb1a8ba4141042532c2,63722d1ffaf87162cc48fe46,DD49B374,2341010,2341180,0.02,0.02,2024-01-22T11:42:16.780Z,2024-01-22T11:49:52.727Z,65ae54981ee6fc5950732e0b,5f92f8a6aaafd5300493b6d0,0.17,2024-01-22T12:13:21.077Z,,
67df45b0c1cf68c4cbfe4eb7,11452,63f7a0792bb4b7001231f198,1,601adcb1a8ba4141042532c2,63722d1ffaf87162cc48fe46,DD49B374,2341180,2341265,0.01,0.01,2024-01-22T11:54:09.790Z,2024-01-22T11:56:25.116Z,65ae576121568f4f2cf974d9,5f92f8a6aaafd5300493b6d0,0.085,2024-01-22T12:13:21.081Z,,
67df45b0c1cf68c4cbfe4eb8,11453,63f7a0792bb4b7001231f198,1,601adcb1a8ba4141042532c2,63722d1ffaf87162cc48fe46,DD49B374,2341265,2341310,0.005,0.005,2024-01-22T11:56:44.690Z,2024-01-22T11:57:49.229Z,65ae57fc21568f4f2cf974e7,5f92f8a6aaafd5300493b6d0,0.045,2024-01-22T12:13:21.083Z,,
67df45b0c1cf68c4cbfe4eb9,11454,63f7a0792bb4b7001231f198,1,601adcb1a8ba4141042532c2,63722d1ffaf87162cc48fe46,DD49B374,2341318,2341320,,,2024-01-22T11:58:16.894Z,2024-01-22T11:58:52.301Z,65ae585821568f4f2cf974f4,5f92f8a6aaafd5300493b6d0,0.002,2024-01-22T12:13:21.085Z,,
67df45b0c1cf68c4cbfe4eba,11455,63f7a0792bb4b7001231f198,1,601adcb1a8ba4141042532c2,63722d1ffaf87162cc48fe46,DD49B374,2341320,2341628,0.032,0.032,2024-01-22T11:59:05.997Z,2024-01-22T12:06:00.544Z,65ae588a21568f4f2cf97501,5f92f8a6aaafd5300493b6d0,0.308,2024-01-22T12:13:21.087Z,,
67df45b0c1cf68c4cbfe4ebb,11456,63f7a0792bb4b7001231f198,1,601adcb1a8ba4141042532c2,63722d1ffaf87162cc48fe46,DD49B374,2341637,2341733,0.01,0.01,2024-01-22T12:08:02.935Z,2024-01-22T12:10:25.662Z,65ae5aa20811464488bffb59,5f92f8a6aaafd5300493b6d0,0.096,2024-01-22T12:13:21.089Z,,
67df45b0c1cf68c4cbfe4ebc,11457,63f7a0792bb4b7001231f198,1,601adcb1a8ba4141042532c2,63722d1ffaf87162cc48fe46,DD49B374,2341742,2341909,0.017,0.017,2024-01-22T12:15:18.587Z,2024-01-22T12:19:01.778Z,65ae5c56a9f7820012b912a2,5f92f8a6aaafd5300493b6d0,0.167,2024-01-22T12:24:26.194Z,,
67df45b0c1cf68c4cbfe4ebd,11458,63f7a0792bb4b7001231f198,1,601adcb1a8ba4141042532c2,63722d1ffaf87162cc48fe46,DD49B374,2341910,2342279,0.037,0.037,2024-01-22T12:22:17.701Z,2024-01-22T12:31:21.952Z,65ae5df9d5647500128d23d9,5f92f8a6aaafd5300493b6d0,0.369,2024-02-19T16:21:37.194Z,,
67df45b0c1cf68c4cbfe4ebe,11459,63f7a0792bb4b7001231f198,1,601adcb1a8ba4141042532c2,63722d1ffaf87162cc48fe46,B5485549,2342279,2343066,0.08,0.08,2024-01-22T13:40:22.568Z,2024-01-22T14:08:41.917Z,65ae704686a17b00123f6e15,643d70b933af02001273760d,0.787,2024-02-19T16:21:37.278Z,,
67df45b0c1cf68c4cbfe4ebf,11460,63f7a0792bb4b7001231f198,1,601adcb1a8ba4141042532c2,63722d1ffaf87162cc48fe46,F51F555D,2343066,2350470,0.768,0.768,2024-01-22T14:22:15.330Z,2024-01-22T18:57:08.887Z,65ae7a1786a17b00123f6e9d,6453b82f82ea136b9458e454,7.404,2024-02-19T16:21:37.362Z,,
67df45b0c1cf68c4cbfe4ec0,11461,63f7a0792bb4b7001231f198,1,601adcb1a8ba4141042532c2,63722d1ffaf87162cc48fe46,B5485549,2350470,2351165,0.083,0.083,2024-01-22T19:39:36.393Z,2024-01-22T20:05:10.684Z,65aec47886a17b00123f73eb,643d70b933af02001273760d,0.695,2024-02-19T16:21:37.446Z,,
67df45b0c1cf68c4cbfe4ec1,11462,63f7a0792bb4b7001231f198,1,601adcb1a8ba4141042532c2,63722d1ffaf87162cc48fe46,4D0D9174,2351165,2351184,,,2024-01-23T08:32:49.997Z,2024-01-23T08:33:13.955Z,65af79b286a17b00123f7f54,64538b2e59cf6600123af26a,0.019,2024-02-19T16:21:37.530Z,,
67df45b0c1cf68c4cbfe4ec2,11463,63f7a0792bb4b7001231f198,1,601adcb1a8ba4141042532c2,63722d1ffaf87162cc48fe46,4D0D9174,2351184,2385750,3.758,3.758,2024-01-23T08:34:32.755Z,2024-01-23T14:58:13.788Z,65af7a1886a17b00123f7f61,64538b2e59cf6600123af26a,34.566,2024-02-19T16:21:37.614Z,,
67df45b0c1cf68c4cbfe4ec3,11464,63f7a0792bb4b7001231f198,1,601adcb1a8ba4141042532c2,63722d1ffaf87162cc48fe46,B5485549,2385750,2385784,0.003,0.003,2024-01-23T15:46:42.435Z,2024-01-23T15:48:10.008Z,65afdf6286a17b00123f8620,643d70b933af02001273760d,0.034,2024-02-19T16:21:37.698Z,,
67df45b0c1cf68c4cbfe4ec4,11465,63f7a0792bb4b7001231f198,1,601adcb1a8ba4141042532c2,63722d1ffaf87162cc48fe46,F51F555D,2385784,2387966,0.234,0.234,2024-01-23T17:29:49.915Z,2024-01-23T18:50:54.843Z,65aff78d86a17b00123f877d,6453b82f82ea136b9458e454,2.182,2024-02-19T16:21:37.782Z,,
67df45b0c1cf68c4cbfe4ec5,11466,63f7a0792bb4b7001231f198,1,601adcb1a8ba4141042532c2,63722d1ffaf87162cc48fe46,B5485549,2387966,2389421,0.148,0.148,2024-01-25T16:33:08.807Z,2024-01-25T17:26:16.893Z,65b28d4486a17b00123fb10b,643d70b933af02001273760d,1.455,2024-02-19T16:21:37.866Z,,
67df45b0c1cf68c4cbfe4ec6,11467,63f7a0792bb4b7001231f198,1,601adcb1a8ba4141042532c2,63722d1ffaf87162cc48fe46,4D0D9174,2389421,2411148,2.457,2.457,2024-01-26T08:42:00.064Z,2024-01-26T13:37:19.829Z,65b3705886a17b00123fbf1f,64538b2e59cf6600123af26a,21.727,2024-02-19T16:21:37.950Z,,
67df45b0c1cf68c4cbfe4ec7,11468,63f7a0792bb4b7001231f198,1,601adcb1a8ba4141042532c2,63722d1ffaf87162cc48fe46,4D0D9174,2411148,2457167,4.917,4.917,2024-01-29T08:42:07.929Z,2024-01-29T17:22:50.855Z,65b764e086a17b00123ffe45,64538b2e59cf6600123af26a,46.019,2024-02-19T16:21:38.034Z,,
67df45b0c1cf68c4cbfe4ec8,11469,63f7a0792bb4b7001231f198,1,601adcb1a8ba4141042532c2,63722d1ffaf87162cc48fe46,B5485549,2457167,2457309,0.014,0.014,2024-01-29T17:33:05.520Z,2024-01-29T17:38:36.779Z,65b7e15186a17b00124006fa,643d70b933af02001273760d,0.142,2024-02-19T16:21:38.118Z,,
67df45b0c1cf68c4cbfe4ec9,11470,63f7a0792bb4b7001231f198,1,601adcb1a8ba4141042532c2,63722d1ffaf87162cc48fe46,F51F555D,2457309,2464208,0.728,0.728,2024-01-31T14:59:25.714Z,2024-01-31T19:21:05.076Z,65ba604d86a17b0012402e3d,6453b82f82ea136b9458e454,6.899,2024-02-19T16:21:38.202Z,,
67df45b0c1cf68c4cbfe4eca,11471,63f7a0792bb4b7001231f198,1,601adcb1a8ba4141042532c2,63722d1ffaf87162cc48fe46,F51F555D,2464208,2468102,0.464,0.464,2024-02-01T09:35:07.545Z,2024-02-01T12:40:42.861Z,65bb65cb86a17b0012403f59,6453b82f82ea136b9458e454,3.894,2024-02-19T16:21:38.286Z,,
67df45b0c1cf68c4cbfe4ecb,11472,63f7a0792bb4b7001231f198,1,601adcb1a8ba4141042532c2,63722d1ffaf87162cc48fe46,4D0D9174,2468102,2490516,2.52,2.52,2024-02-02T08:49:49.859Z,2024-02-02T13:04:12.474Z,65bcacae86a17b00124053aa,64538b2e59cf6600123af26a,22.414,2024-02-19T16:21:38.370Z,,
67df45b0c1cf68c4cbfe4ecc,11473,63f7a0792bb4b7001231f198,1,601adcb1a8ba4141042532c2,63722d1ffaf87162cc48fe46,F51F555D,2490516,2492067,0.157,0.157,2024-02-02T14:42:05.039Z,2024-02-02T19:26:35.595Z,65bcff3e86a17b0012405956,6453b82f82ea136b9458e454,1.551,2024-02-19T16:21:38.454Z,,
67df45b0c1cf68c4cbfe4ecd,11474,63f7a0792bb4b7001231f198,1,601adcb1a8ba4141042532c2,63722d1ffaf87162cc48fe46,B5485549,2492067,2495553,0.27,0.27,2024-02-03T16:59:48.204Z,2024-02-04T15:30:08.602Z,65be710486a17b0012407034,643d70b933af02001273760d,3.486,2024-02-19T16:21:38.538Z,,
67df45b0c1cf68c4cbfe4ece,11475,63f7a0792bb4b7001231f198,1,601adcb1a8ba4141042532c2,63722d1ffaf87162cc48fe46,B5485549,2495553,2497029,0.096,0.096,2024-02-04T16:52:09.948Z,2024-02-04T19:13:40.471Z,65bfc0ba86a17b001240855c,643d70b933af02001273760d,1.476,2024-02-19T16:21:38.622Z,,
67df45b0c1cf68c4cbfe4ecf,11476,63f7a0792bb4b7001231f198,1,601adcb1a8ba4141042532c2,63722d1ffaf87162cc48fe46,4D0D9174,2497029,2543176,4.928,4.928,2024-02-05T08:34:45.741Z,2024-02-05T17:40:35.358Z,65c09da586a17b0012409370,64538b2e59cf6600123af26a,46.147,2024-02-19T16:21:38.708Z,,
67df45b0c1cf68c4cbfe4ed0,11477,63f7a0792bb4b7001231f198,1,601adcb1a8ba4141042532c2,63722d1ffaf87162cc48fe46,B5485549,2543176,2544341,0.118,0.118,2024-02-06T15:38:57.107Z,2024-02-06T17:08:50.683Z,65c2529186a17b001240af83,643d70b933af02001273760d,1.165,2024-02-19T16:21:38.792Z,,
67df45b0c1cf68c4cbfe4ed1,11478,63f7a0792bb4b7001231f198,1,601adcb1a8ba4141042532c2,63722d1ffaf87162cc48fe46,F51F555D,2544341,2552280,0.828,0.828,2024-02-07T14:04:40.333Z,2024-02-07T19:28:25.906Z,65c38df886a17b001240c33f,6453b82f82ea136b9458e454,7.939,2024-02-19T16:21:38.876Z,,
67df45b0c1cf68c4cbfe4ed2,11479,63f7a0792bb4b7001231f198,1,601adcb1a8ba4141042532c2,63722d1ffaf87162cc48fe46,B5485549,2552280,2552691,0.042,0.042,2024-02-08T21:43:23.100Z,2024-02-08T21:59:00.083Z,65c54afb86a17b001240df4e,643d70b933af02001273760d,0.411,2024-02-08T21:59:09.053Z,2024-02-08T21:59:09.054Z,2024-02-08T21:59:09.054Z
67df45b0c1cf68c4cbfe4ed3,11480,63f7a0792bb4b7001231f198,1,601adcb1a8ba4141042532c2,63722d1ffaf87162cc48fe46,4D0D9174,2552691,2570321,2.035,2.035,2024-02-09T08:48:54.459Z,2024-02-09T13:27:27.501Z,65c5e6f686a17b001240e8f8,64538b2e59cf6600123af26a,17.63,2024-02-19T16:21:39.045Z,,
67df45b0c1cf68c4cbfe4ed4,11481,63f7a0792bb4b7001231f198,1,601adcb1a8ba4141042532c2,63722d1ffaf87162cc48fe46,4D0D9174,2570321,2573105,0.283,0.283,2024-02-09T15:03:23.250Z,2024-02-09T17:29:58.207Z,65c63ebb86a17b001240ef01,64538b2e59cf6600123af26a,2.784,2024-02-19T16:21:39.130Z,,
67df45b0c1cf68c4cbfe4ed5,11482,63f7a0792bb4b7001231f198,1,601adcb1a8ba4141042532c2,63722d1ffaf87162cc48fe46,4D0D9174,2573105,2573105,,,2024-02-10T10:44:33.559Z,2024-02-10T10:44:42.145Z,65c7539186a17b0012410018,64538b2e59cf6600123af26a,0,2024-02-19T16:21:39.214Z,,
67df45b0c1cf68c4cbfe4ed6,11483,63f7a0792bb4b7001231f198,1,601adcb1a8ba4141042532c2,63722d1ffaf87162cc48fe46,4D0D9174,2573105,2578374,0.535,0.535,2024-02-10T10:45:09.009Z,2024-02-10T11:44:53.314Z,65c753b586a17b0012410023,64538b2e59cf6600123af26a,5.269,2024-02-19T16:21:39.298Z,,
67df45b0c1cf68c4cbfe4ed7,11484,63f7a0792bb4b7001231f198,1,601adcb1a8ba4141042532c2,63722d1ffaf87162cc48fe46,4D0D9174,2578374,2603905,2.837,2.837,2024-02-12T08:09:53.007Z,2024-02-12T12:59:39.649Z,65c9d25186a17b00124127ec,64538b2e59cf6600123af26a,25.531,2024-02-19T16:21:39.384Z,,
67df45b0c1cf68c4cbfe4ed8,11485,63f7a0792bb4b7001231f198,1,601adcb1a8ba4141042532c2,63722d1ffaf87162cc48fe46,B5485549,2603905,2610141,0.656,0.656,2024-02-12T15:19:20.962Z,2024-02-12T19:55:46.040Z,65ca36fa86a17b0012412e86,643d70b933af02001273760d,6.236,2024-02-19T16:21:39.468Z,,
67df45b0c1cf68c4cbfe4ed9,11486,63f7a0792bb4b7001231f198,1,601adcb1a8ba4141042532c2,63722d1ffaf87162cc48fe46,4D0D9174,2610141,2634581,2.725,2.725,2024-02-15T08:24:50.370Z,2024-02-15T13:03:51.600Z,65cdca5286a17b001241679a,64538b2e59cf6600123af26a,24.44,2024-02-19T16:21:39.551Z,,
67df45b0c1cf68c4cbfe4eda,11487,63f7a0792bb4b7001231f198,1,601adcb1a8ba4141042532c2,63722d1ffaf87162cc48fe46,B5485549,2634581,2641036,0.655,0.655,2024-02-15T13:17:48.396Z,2024-02-15T20:15:22.140Z,65ce0efc86a17b0012416c72,643d70b933af02001273760d,6.455,2024-02-19T16:21:39.636Z,,
67df45b0c1cf68c4cbfe4edb,11488,63f7a0792bb4b7001231f198,1,601adcb1a8ba4141042532c2,63722d1ffaf87162cc48fe46,4D0D9174,2641036,2663694,2.548,2.548,2024-02-16T09:02:40.253Z,2024-02-16T13:17:21.579Z,65cf24b086a17b0012417e4e,64538b2e59cf6600123af26a,22.658,2024-02-19T16:21:39.720Z,,
67df45b0c1cf68c4cbfe4edc,11489,63f7a0792bb4b7001231f198,1,601adcb1a8ba4141042532c2,63722d1ffaf87162cc48fe46,B5485549,2663694,2666656,0.301,0.301,2024-02-16T13:50:37.850Z,2024-02-16T16:10:17.250Z,65cf682d86a17b00124182ae,643d70b933af02001273760d,2.962,2024-02-19T16:21:39.804Z,,
67df45b0c1cf68c4cbfe4edd,11490,63f7a0792bb4b7001231f198,1,601adcb1a8ba4141042532c2,63722d1ffaf87162cc48fe46,4D0D9174,2666656,2670276,0.236,0.236,2024-02-18T11:13:20.682Z,2024-02-18T11:54:14.513Z,65d1e65086a17b001241aa8b,64538b2e59cf6600123af26a,3.62,2024-02-19T16:21:39.888Z,,
67df45b0c1cf68c4cbfe4ede,11491,63f7a0792bb4b7001231f198,1,601adcb1a8ba4141042532c2,63722d1ffaf87162cc48fe46,4D0D9174,2670276,2695476,2.806,2.806,2024-02-19T08:20:13.521Z,2024-02-19T13:03:14.710Z,65d30f3d86a17b001241bcf4,64538b2e59cf6600123af26a,25.2,2024-02-19T16:21:39.972Z,,
67df45b0c1cf68c4cbfe4edf,11492,63f7a0792bb4b7001231f198,1,601adcb1a8ba4141042532c2,63722d1ffaf87162cc48fe46,B5485549,2695476,2695528,0.005,0.005,2024-02-19T18:00:46.899Z,2024-02-19T19:04:10.090Z,65d3974e86a17b001241c629,643d70b933af02001273760d,0.052,2024-02-20T09:44:39.700Z,,
67df45b0c1cf68c4cbfe4ee0,11493,63f7a0792bb4b7001231f198,1,601adcb1a8ba4141042532c2,63722d1ffaf87162cc48fe46,B5485549,2695528,2695528,,,2024-02-19T19:10:30.041Z,2024-02-19T19:11:01.650Z,65d3a7a686a17b001241c716,643d70b933af02001273760d,0,2024-02-19T19:11:03.333Z,2024-02-19T19:11:03.333Z,2024-02-19T19:11:03.333Z
67df45b0c1cf68c4cbfe4ee1,11494,63f7a0792bb4b7001231f198,1,601adcb1a8ba4141042532c2,63722d1ffaf87162cc48fe46,4D0D9174,2695528,2703950,0.895,0.895,2024-02-20T08:13:50.521Z,2024-02-20T12:37:34.722Z,65d45f3e86a17b001241d276,64538b2e59cf6600123af26a,8.422,2024-03-12T18:08:16.208Z,,
67df45b0c1cf68c4cbfe4ee2,11495,63f7a0792bb4b7001231f198,1,601adcb1a8ba4141042532c2,63722d1ffaf87162cc48fe46,B5485549,2703950,2704418,0.048,0.048,2024-02-20T14:08:55.266Z,2024-02-20T14:26:28.172Z,65d4b277759431001269e2ea,643d70b933af02001273760d,0.468,2024-03-12T18:08:16.211Z,,
67df45b0c1cf68c4cbfe4ee3,11496,63f7a0792bb4b7001231f198,1,601adcb1a8ba4141042532c2,63722d1ffaf87162cc48fe46,F51F555D,2704418,2710334,0.674,0.674,2024-02-21T09:24:47.496Z,2024-02-21T13:11:29.389Z,65d5c15f759431001269f38e,6453b82f82ea136b9458e454,5.916,2024-03-12T18:08:16.213Z,,
67df45b0c1cf68c4cbfe4ee4,11497,63f7a0792bb4b7001231f198,1,601adcb1a8ba4141042532c2,63722d1ffaf87162cc48fe46,F51F555D,2710334,2717141,0.699,0.699,2024-02-21T14:20:59.997Z,2024-02-21T19:18:58.674Z,65d606cc759431001269f852,6453b82f82ea136b9458e454,6.807,2024-03-12T18:08:16.215Z,,
67df45b0c1cf68c4cbfe4ee5,11498,63f7a0792bb4b7001231f198,1,601adcb1a8ba4141042532c2,63722d1ffaf87162cc48fe46,4D0D9174,2717141,2763550,4.957,4.957,2024-02-22T08:36:17.132Z,2024-02-22T17:20:26.740Z,65d7078175943100126a08e5,64538b2e59cf6600123af26a,46.409,2024-03-12T18:08:16.217Z,,
67df45b0c1cf68c4cbfe4ee6,11499,63f7a0792bb4b7001231f198,1,601adcb1a8ba4141042532c2,63722d1ffaf87162cc48fe46,4D0D9174,2763550,,0,0,2024-02-26T08:29:23.965Z,,65dc4be475943100126a5d1a,64538b2e59cf6600123af26a,,,,
67df45b0c1cf68c4cbfe4ee7,11500,63f7a0792bb4b7001231f198,1,601adcb1a8ba4141042532c2,63722d1ffaf87162cc48fe46,4D0D9174,2763550,,0,0,2024-02-26T08:32:16.538Z,,65dc4c9075943100126a5d8b,64538b2e59cf6600123af26a,,,,
67df45b0c1cf68c4cbfe4ee8,11501,63f7a0792bb4b7001231f198,1,601adcb1a8ba4141042532c2,63722d1ffaf87162cc48fe46,F51F555D,2830560,,0,0,2024-02-27T09:51:47.722Z,,65ddb0b375943100126a736c,6453b82f82ea136b9458e454,,,,
67df45b0c1cf68c4cbfe4ee9,11502,63f7a0792bb4b7001231f198,1,601adcb1a8ba4141042532c2,63722d1ffaf87162cc48fe46,F51F555D,2830560,,0,0,2024-02-27T09:54:45.305Z,,65ddb16575943100126a736e,6453b82f82ea136b9458e454,,,,
67df45b0c1cf68c4cbfe4eea,11503,63f7a0792bb4b7001231f198,1,601adcb1a8ba4141042532c2,63722d1ffaf87162cc48fe46,F51F555D,2840877,,0,0,2024-02-27T14:21:52.652Z,,65ddf00075943100126a776d,6453b82f82ea136b9458e454,,,,
67df45b0c1cf68c4cbfe4eeb,11504,63f7a0792bb4b7001231f198,1,601adcb1a8ba4141042532c2,63722d1ffaf87162cc48fe46,F51F555D,2840877,,0,0,2024-02-27T14:24:47.795Z,,65ddf0af75943100126a776f,6453b82f82ea136b9458e454,,,,
67df45b0c1cf68c4cbfe4eec,11505,63f7a0792bb4b7001231f198,1,601adcb1a8ba4141042532c2,63722d1ffaf87162cc48fe46,B5485549,2844921,,0,0,2024-02-29T09:54:12.846Z,,65e0544475943100126a9d69,643d70b933af02001273760d,,,,
67df45b0c1cf68c4cbfe4eed,11506,63f7a0792bb4b7001231f198,1,601adcb1a8ba4141042532c2,63722d1ffaf87162cc48fe46,B5485549,2844921,,0,0,2024-02-29T09:56:54.637Z,,65e054e675943100126a9d6b,643d70b933af02001273760d,,,,
67df45b0c1cf68c4cbfe4eee,11507,63f7a0792bb4b7001231f198,1,601adcb1a8ba4141042532c2,63722d1ffaf87162cc48fe46,F51F555D,2852804,,0,0,2024-02-29T15:06:45.795Z,,65e09d8575943100126aa248,6453b82f82ea136b9458e454,,,,
67df45b0c1cf68c4cbfe4eef,11508,63f7a0792bb4b7001231f198,1,601adcb1a8ba4141042532c2,63722d1ffaf87162cc48fe46,F51F555D,2852804,,0,0,2024-02-29T15:09:19.006Z,,65e09e1f75943100126aa24a,6453b82f82ea136b9458e454,,,,
67df45b0c1cf68c4cbfe4ef0,11509,63f7a0792bb4b7001231f198,1,601adcb1a8ba4141042532c2,63722d1ffaf87162cc48fe46,B5485549,2862465,,0,0,2024-03-01T09:11:32.969Z,,65e19bc475943100126ab220,643d70b933af02001273760d,,,,
67df45b0c1cf68c4cbfe4ef1,11510,63f7a0792bb4b7001231f198,1,601adcb1a8ba4141042532c2,63722d1ffaf87162cc48fe46,B5485549,2862465,,0,0,2024-03-01T09:14:18.542Z,,65e19c6a75943100126ab222,643d70b933af02001273760d,,,,
67df45b0c1cf68c4cbfe4ef2,11511,63f7a0792bb4b7001231f198,1,601adcb1a8ba4141042532c2,63722d1ffaf87162cc48fe46,B5485549,2871191,,0,0,2024-03-04T10:47:38.440Z,,65e5a6ca75943100126af23e,643d70b933af02001273760d,,,,
67df45b0c1cf68c4cbfe4ef3,11512,63f7a0792bb4b7001231f198,1,601adcb1a8ba4141042532c2,63722d1ffaf87162cc48fe46,B5485549,2871191,,0,0,2024-03-04T10:50:30.142Z,,65e5a77675943100126af240,643d70b933af02001273760d,,,,
67df45b0c1cf68c4cbfe4ef4,11513,63f7a0792bb4b7001231f198,1,601adcb1a8ba4141042532c2,63722d1ffaf87162cc48fe46,4D0D9174,2876166,,0,0,2024-03-06T09:16:15.375Z,,65e8345f75943100126b1ad8,64538b2e59cf6600123af26a,,,,
67df45b0c1cf68c4cbfe4ef5,11514,63f7a0792bb4b7001231f198,1,601adcb1a8ba4141042532c2,63722d1ffaf87162cc48fe46,4D0D9174,2876166,,0,0,2024-03-06T09:18:49.564Z,,65e834f975943100126b1ada,64538b2e59cf6600123af26a,,,,
67df45b0c1cf68c4cbfe4ef6,11515,63f7a0792bb4b7001231f198,1,601adcb1a8ba4141042532c2,63722d1ffaf87162cc48fe46,4D0D9174,2902541,,0,0,2024-03-06T14:33:51.705Z,,65e87ecf75943100126b1fb7,64538b2e59cf6600123af26a,,,,
67df45b0c1cf68c4cbfe4ef7,11516,63f7a0792bb4b7001231f198,1,601adcb1a8ba4141042532c2,63722d1ffaf87162cc48fe46,4D0D9174,2902541,,0,0,2024-03-06T14:36:49.969Z,,65e87f8175943100126b1fb9,64538b2e59cf6600123af26a,,,,
67df45b0c1cf68c4cbfe4ef8,11517,63f7a0792bb4b7001231f198,1,601adcb1a8ba4141042532c2,63722d1ffaf87162cc48fe46,F51F555D,2929336,,0,0,2024-03-11T15:40:12.704Z,,65ef25dc75943100126b893d,6453b82f82ea136b9458e454,,,,
67df45b0c1cf68c4cbfe4ef9,11518,63f7a0792bb4b7001231f198,1,601adcb1a8ba4141042532c2,63722d1ffaf87162cc48fe46,F51F555D,2929336,,0,0,2024-03-11T15:42:54.815Z,,65ef267e75943100126b893f,6453b82f82ea136b9458e454,,,,
67df45b0c1cf68c4cbfe4efa,11519,63f7a0792bb4b7001231f198,1,601adcb1a8ba4141042532c2,63722d1ffaf87162cc48fe46,F51F555D,2938970,,0,0,2024-03-14T16:51:42.035Z,,65f32b1e91a38d0012b264a7,6453b82f82ea136b9458e454,,,,
67df45b0c1cf68c4cbfe4efb,11520,63f7a0792bb4b7001231f198,1,601adcb1a8ba4141042532c2,63722d1ffaf87162cc48fe46,F51F555D,2938970,,0,0,2024-03-14T16:54:23.487Z,,65f32bbf91a38d0012b264a9,6453b82f82ea136b9458e454,,,,
67df45b0c1cf68c4cbfe4efc,11521,63f7a0792bb4b7001231f198,1,601adcb1a8ba4141042532c2,63722d1ffaf87162cc48fe46,B5485549,2940416,,0,0,2024-03-15T09:13:27.139Z,,65f4113791a38d0012b27324,643d70b933af02001273760d,,,,
67df45b0c1cf68c4cbfe4efd,11522,63f7a0792bb4b7001231f198,1,601adcb1a8ba4141042532c2,63722d1ffaf87162cc48fe46,B5485549,2940416,,0,0,2024-03-15T09:16:25.174Z,,65f411e991a38d0012b27326,643d70b933af02001273760d,,,,
67df45b0c1cf68c4cbfe4efe,11535,63f7a0792bb4b7001231f198,1,601adcb1a8ba4141042532c2,63722d1ffaf87162cc48fe46,4D0D9174,2955550,2963284,0.785,0.785,2024-03-27T15:52:18.494Z,2024-03-27T17:19:50.183Z,660440b2d203ce0014ba1834,64538b2e59cf6600123af26a,7.734,2024-04-18T09:21:59.600Z,,
67df45b0c1cf68c4cbfe4eff,11537,63f7a0792bb4b7001231f198,1,601adcb1a8ba4141042532c2,63722d1ffaf87162cc48fe46,4D0D9174,2963284,2998263,3.55,3.55,2024-03-28T10:02:31.872Z,2024-03-28T17:18:54.190Z,66054037d203ce0014ba2967,64538b2e59cf6600123af26a,34.979,2024-04-18T09:21:59.796Z,,
67df45b0c1cf68c4cbfe4f00,11541,63f7a0792bb4b7001231f198,1,601adcb1a8ba4141042532c2,63722d1ffaf87162cc48fe46,4D0D9174,2998263,3014010,1.598,1.598,2024-04-01T13:55:21.885Z,2024-04-01T16:52:03.827Z,660abcc9d203ce0014ba83fa,64538b2e59cf6600123af26a,15.747,2024-04-18T09:22:00.295Z,,
67df45b0c1cf68c4cbfe4f01,11542,63f7a0792bb4b7001231f198,1,601adcb1a8ba4141042532c2,63722d1ffaf87162cc48fe46,4D0D9174,3014010,3026955,1.555,1.555,2024-04-02T08:08:20.104Z,2024-04-02T10:37:22.632Z,660bbcf4d203ce0014ba94a4,64538b2e59cf6600123af26a,12.945,2024-04-18T09:22:00.389Z,,
67df45b0c1cf68c4cbfe4f02,11543,63f7a0792bb4b7001231f198,1,601adcb1a8ba4141042532c2,63722d1ffaf87162cc48fe46,F51F555D,3026955,3026987,0.003,0.003,2024-04-02T13:07:23.410Z,2024-04-02T13:09:15.790Z,660c030bd203ce0014ba9958,6453b82f82ea136b9458e454,0.032,2024-04-18T09:22:00.489Z,,
67df45b0c1cf68c4cbfe4f03,11544,63f7a0792bb4b7001231f198,1,601adcb1a8ba4141042532c2,63722d1ffaf87162cc48fe46,4D0D9174,3026987,3053257,2.666,2.666,2024-04-03T08:04:00.991Z,2024-04-03T13:02:44.573Z,660d0d70d203ce0014baaa2c,64538b2e59cf6600123af26a,26.27,2024-04-18T09:22:00.590Z,,
67df45b0c1cf68c4cbfe4f04,11545,63f7a0792bb4b7001231f198,1,601adcb1a8ba4141042532c2,63722d1ffaf87162cc48fe46,B5485549,3053257,3056029,0.281,0.281,2024-04-03T13:25:58.049Z,2024-04-03T15:10:13.528Z,660d58e6d203ce0014baaf1c,643d70b933af02001273760d,2.772,2024-04-18T09:22:00.700Z,,
67df45b0c1cf68c4cbfe4f05,11548,63f7a0792bb4b7001231f198,1,601adcb1a8ba4141042532c2,63722d1ffaf87162cc48fe46,B5485549,3056029,3059760,0.379,0.379,2024-04-05T08:14:20.491Z,2024-04-05T12:04:39.031Z,660fb2dcd203ce0014bad676,643d70b933af02001273760d,3.731,2024-04-18T09:22:01.064Z,,
67df45b0c1cf68c4cbfe4f06,11553,63f7a0792bb4b7001231f198,1,601adcb1a8ba4141042532c2,63722d1ffaf87162cc48fe46,F51F555D,3059760,3059771,0.001,0.001,2024-04-08T08:52:44.583Z,2024-04-08T08:53:20.354Z,6613b05cd203ce0014bb183a,6453b82f82ea136b9458e454,0.011,2024-04-18T09:22:02.134Z,,
67df45b0c1cf68c4cbfe4f07,11554,63f7a0792bb4b7001231f198,1,601adcb1a8ba4141042532c2,63722d1ffaf87162cc48fe46,F51F555D,3059771,3064753,0.506,0.506,2024-04-08T08:53:47.261Z,2024-04-08T12:05:09.591Z,6613b09bd203ce0014bb1848,6453b82f82ea136b9458e454,4.982,2024-04-18T09:22:02.379Z,,
67df45b0c1cf68c4cbfe4f08,11557,63f7a0792bb4b7001231f198,1,601adcb1a8ba4141042532c2,63722d1ffaf87162cc48fe46,969791F0,3064753,3068215,0.351,0.351,2024-04-09T15:24:15.154Z,2024-04-09T16:00:11.831Z,66155d9fd203ce0014bb33ea,63722d80131fbc00123e2706,3.462,2024-04-18T09:22:02.724Z,,
67df45b0c1cf68c4cbfe4f09,11559,63f7a0792bb4b7001231f198,1,601adcb1a8ba4141042532c2,63722d1ffaf87162cc48fe46,969791F0,3068215,3087728,1.981,1.981,2024-04-10T13:35:32.710Z,2024-04-10T15:49:58.959Z,661695a4d203ce0014bb4876,63722d80131fbc00123e2706,19.513,2024-04-18T09:22:02.971Z,,
67df45b0c1cf68c4cbfe4f0a,11561,63f7a0792bb4b7001231f198,1,601adcb1a8ba4141042532c2,63722d1ffaf87162cc48fe46,4D0D9174,3087728,3124943,3.777,3.777,2024-04-11T07:13:38.863Z,2024-04-11T17:34:25.398Z,66178da2d203ce0014bb5914,64538b2e59cf6600123af26a,37.215,2024-04-18T09:22:03.275Z,,
67df45b0c1cf68c4cbfe4f0b,11564,63f7a0792bb4b7001231f198,1,601adcb1a8ba4141042532c2,63722d1ffaf87162cc48fe46,B5485549,3124943,3126959,0.242,0.242,2024-04-12T07:32:56.434Z,2024-04-12T10:08:59.019Z,6618e3a8d203ce0014bb6fc7,643d70b933af02001273760d,2.016,2024-04-18T09:22:03.937Z,,
67df45b0c1cf68c4cbfe4f0c,11565,63f7a0792bb4b7001231f198,1,601adcb1a8ba4141042532c2,63722d1ffaf87162cc48fe46,F51F555D,3126959,3130374,0.41,0.41,2024-04-12T10:51:14.064Z,2024-04-12T11:59:15.530Z,66191222d203ce0014bb728d,6453b82f82ea136b9458e454,3.415,2024-04-18T09:22:04.051Z,,
67df45b0c1cf68c4cbfe4f0d,11566,63f7a0792bb4b7001231f198,1,601adcb1a8ba4141042532c2,63722d1ffaf87162cc48fe46,B5485549,3130374,3132612,0.227,0.227,2024-04-12T13:01:41.241Z,2024-04-12T15:47:49.861Z,661930b5d203ce0014bb74ec,643d70b933af02001273760d,2.238,2024-04-18T09:22:04.212Z,,
67df45b0c1cf68c4cbfe4f0e,11568,63f7a0792bb4b7001231f198,1,601adcb1a8ba4141042532c2,63722d1ffaf87162cc48fe46,B5485549,3132612,3134036,0.145,0.145,2024-04-13T11:25:00.838Z,2024-04-13T11:55:12.534Z,661a6b8cd203ce0014bb88df,643d70b933af02001273760d,1.424,2024-04-18T09:22:04.607Z,,
67df45b0c1cf68c4cbfe4f0f,11569,63f7a0792bb4b7001231f198,1,601adcb1a8ba4141042532c2,63722d1ffaf87162cc48fe46,B5485549,3134036,3144344,1.238,1.238,2024-04-15T15:06:33.023Z,2024-04-15T18:43:53.691Z,661d4279d203ce0014bbb742,643d70b933af02001273760d,10.308,2024-04-18T09:22:04.702Z,,
67df45b0c1cf68c4cbfe4f10,11572,63f7a0792bb4b7001231f198,1,601adcb1a8ba4141042532c2,63722d1ffaf87162cc48fe46,4D0D9174,3144344,3168766,2.479,2.479,2024-04-16T13:00:23.198Z,2024-04-16T15:39:14.832Z,661e7667d203ce0014bbcb91,64538b2e59cf6600123af26a,24.422,2024-04-18T09:22:05.128Z,,
67df45b0c1cf68c4cbfe4f11,11573,661e9b4ed203ce0014bbce16,1,601adcb1a8ba4141042532c2,63722d1ffaf87162cc48fe46,12091999,0,,0,0,2024-04-16T15:58:39.391Z,,661ea02fd203ce0014bbce5d,,,,,
67df45b0c1cf68c4cbfe4f12,11576,661e9b4ed203ce0014bbce16,1,601adcb1a8ba4141042532c2,63722d1ffaf87162cc48fe46,12091999,0,,0,0,2024-04-17T08:31:13.939Z,,661f88d1d203ce0014bbde5b,,,,,
67df45b0c1cf68c4cbfe4f13,11577,661e9b4ed203ce0014bbce16,1,601adcb1a8ba4141042532c2,63722d1ffaf87162cc48fe46,12091999,0,0,,,2024-04-17T08:32:07.668Z,2024-04-17T08:33:21.227Z,661f8907d203ce0014bbde66,5f92f8a6aaafd5300493b6d0,0,2024-04-18T09:22:05.610Z,,
67df45b0c1cf68c4cbfe4f14,11578,661e9b4ed203ce0014bbce16,1,601adcb1a8ba4141042532c2,63722d1ffaf87162cc48fe46,12091999,0,0,,,2024-04-17T08:33:36.483Z,2024-04-17T08:37:29.336Z,661f8960d203ce0014bbde70,5f92f8a6aaafd5300493b6d0,0,2024-04-18T09:22:05.705Z,,
67df45b0c1cf68c4cbfe4f15,11579,661e9b4ed203ce0014bbce16,1,601adcb1a8ba4141042532c2,63722d1ffaf87162cc48fe46,12091999,0,0,,,2024-04-17T08:43:08.531Z,2024-04-17T08:52:09.224Z,661f8b9cd203ce0014bbde81,5f92f8a6aaafd5300493b6d0,0,2024-04-18T09:22:05.796Z,,
67df45b0c1cf68c4cbfe4f16,11580,661f9fc5d203ce0014bbdfe9,1,601adcb1a8ba4141042532c2,63722d1ffaf87162cc48fe46,12091999,386,1644,,,2024-04-17T10:44:26.331Z,2024-04-17T10:51:50.241Z,661fa80ad203ce0014bbe07f,5f92f8a6aaafd5300493b6d0,1.258,2024-04-18T09:22:05.894Z,,
67df45b0c1cf68c4cbfe4f17,11581,63f7a0792bb4b7001231f198,1,601adcb1a8ba4141042532c2,63722d1ffaf87162cc48fe46,B5485549,3168766,3171820,0.31,0.31,2024-04-17T13:26:44.490Z,2024-04-17T14:29:05.593Z,661fce14d203ce0014bbe2e3,643d70b933af02001273760d,3.054,2024-04-18T09:22:06.031Z,,
67df45b0c1cf68c4cbfe4f18,11582,63f7a0792bb4b7001231f198,1,601adcb1a8ba4141042532c2,63722d1ffaf87162cc48fe46,B5485549,3171820,3176811,0.507,0.507,2024-04-17T15:09:39.881Z,2024-04-17T16:50:26.926Z,661fe633d203ce0014bbe4dd,643d70b933af02001273760d,4.991,2024-04-18T09:22:06.253Z,,
67df45b0c1cf68c4cbfe4f19,11583,661e9b4ed203ce0014bbce16,1,601adcb1a8ba4141042532c2,63722d1ffaf87162cc48fe46,12091999,0,0,,,2024-04-18T10:21:20.767Z,2024-04-18T10:21:45.930Z,6620f420d203ce0014bbf6c3,5f92f8a6aaafd5300493b6d0,0,2024-04-18T16:26:09.985Z,,
67df45b0c1cf68c4cbfe4f1a,11584,6620f07bd203ce0014bbf6a8,1,601adcb1a8ba4141042532c2,63722d1ffaf87162cc48fe46,12091999,20,35,,,2024-04-18T10:28:18.074Z,2024-04-18T10:34:19.545Z,6620f5c2d203ce0014bbf6d7,5f92f8a6aaafd5300493b6d0,0.015,2024-04-18T16:26:10.073Z,,
67df45b0c1cf68c4cbfe4f1b,11585,6620f07bd203ce0014bbf6a8,1,601adcb1a8ba4141042532c2,63722d1ffaf87162cc48fe46,12091999,35,42,,,2024-04-18T10:35:41.205Z,2024-04-18T10:37:20.479Z,6620f77dd203ce0014bbf757,5f92f8a6aaafd5300493b6d0,0.007,2024-04-18T16:26:10.161Z,,
67df45b0c1cf68c4cbfe4f1c,11586,661f9fc5d203ce0014bbdfe9,1,601adcb1a8ba4141042532c2,63722d1ffaf87162cc48fe46,12091999,1644,2013,,,2024-04-18T10:37:55.038Z,2024-04-18T10:40:35.630Z,6620f803d203ce0014bbf762,5f92f8a6aaafd5300493b6d0,0.369,2024-04-18T16:26:10.249Z,,
67df45b0c1cf68c4cbfe4f1d,11587,6620f07bd203ce0014bbf6a8,1,601adcb1a8ba4141042532c2,63722d1ffaf87162cc48fe46,12091999,43,43,,,2024-04-18T10:42:47.094Z,2024-04-18T10:42:51.195Z,6620f927d203ce0014bbf76c,5f92f8a6aaafd5300493b6d0,0,2024-04-18T16:26:10.334Z,,
67df45b0c1cf68c4cbfe4f1e,11588,661f9fc5d203ce0014bbdfe9,1,601adcb1a8ba4141042532c2,63722d1ffaf87162cc48fe46,12091999,2013,2681,,,2024-04-18T10:43:33.291Z,2024-04-18T10:47:53.253Z,6620f955d203ce0014bbf773,5f92f8a6aaafd5300493b6d0,0.668,2024-04-18T16:26:10.421Z,,
67df45b0c1cf68c4cbfe4f1f,11589,63f7a0792bb4b7001231f198,1,601adcb1a8ba4141042532c2,63722d1ffaf87162cc48fe46,F51F555D,3176811,3186933,1.027,1.027,2024-04-18T13:31:48.673Z,2024-04-18T17:46:54.656Z,662120c4d203ce0014bbfa53,6453b82f82ea136b9458e454,10.122,2024-04-19T15:10:20.453Z,,
67df45b0c1cf68c4cbfe4f20,11590,661f9fc5d203ce0014bbdfe9,1,601adcb1a8ba4141042532c2,63722d1ffaf87162cc48fe46,12091999,2681,13565,,,2024-04-18T14:01:09.574Z,2024-04-18T15:00:11.666Z,662127a5d203ce0014bbfae0,5f92f8a6aaafd5300493b6d0,10.884,2024-04-18T16:26:10.509Z,,
67df45b0c1cf68c4cbfe4f21,11591,65fbeedc55b08000123a245e,1,601adcb1a8ba4141042532c2,63722d1ffaf87162cc48fe46,57195DC2,8389196,8389490,,,2024-04-18T16:10:28.572Z,2024-04-18T16:10:55.319Z,662145f4d203ce0014bbfd27,6620e99fd203ce0014bbf60f,0.294,2024-04-19T15:10:20.944Z,,
67df45b0c1cf68c4cbfe4f22,11592,65fbeedc55b08000123a245e,1,601adcb1a8ba4141042532c2,63722d1ffaf87162cc48fe46,57195DC2,8389490,8417935,2.887,2.887,2024-04-18T16:11:10.559Z,2024-04-18T17:48:02.842Z,6621461ed203ce0014bbfd2e,6620e99fd203ce0014bbf60f,28.445,2024-04-18T17:48:02.817Z,2024-04-18T17:48:02.817Z,2024-04-18T17:48:02.817Z
67df45b0c1cf68c4cbfe4f23,11593,65fbeedc55b08000123a245e,1,601adcb1a8ba4141042532c2,63722d1ffaf87162cc48fe46,57195DC2,8417938,8425375,0.755,0.755,2024-04-19T07:29:35.055Z,2024-04-19T08:10:07.102Z,66221d5fd203ce0014bc0b7a,6620e99fd203ce0014bbf60f,7.437,2024-04-19T08:10:07.062Z,2024-04-19T08:10:07.062Z,2024-04-19T08:10:07.062Z
67df45b0c1cf68c4cbfe4f24,11594,63f7a0792bb4b7001231f198,1,601adcb1a8ba4141042532c2,63722d1ffaf87162cc48fe46,4D0D9174,3186933,3194563,0.916,0.916,2024-04-19T08:50:41.405Z,2024-04-19T09:40:26.310Z,66223061d203ce0014bc0cf0,64538b2e59cf6600123af26a,7.63,2024-04-19T15:10:21.572Z,,
67df45b0c1cf68c4cbfe4f25,11595,65fbeedc55b08000123a245e,1,601adcb1a8ba4141042532c2,63722d1ffaf87162cc48fe46,57195DC2,8425382,8440971,1.872,1.872,2024-04-19T10:19:07.551Z,2024-04-19T11:42:37.825Z,6622451bd203ce0014bc0e7d,6620e99fd203ce0014bbf60f,15.589,2024-04-19T11:42:37.802Z,2024-04-19T11:42:37.802Z,2024-04-19T11:42:37.802Z
67df45b0c1cf68c4cbfe4f26,11596,63f7a0792bb4b7001231f198,1,601adcb1a8ba4141042532c2,63722d1ffaf87162cc48fe46,4D0D9174,3194563,3222049,3.301,3.301,2024-04-19T10:41:27.463Z,2024-04-19T19:07:41.155Z,66224a57d203ce0014bc0f00,64538b2e59cf6600123af26a,27.486,2024-04-22T09:30:48.414Z,,
67df45b0c1cf68c4cbfe4f27,11597,661f9fc5d203ce0014bbdfe9,1,601adcb1a8ba4141042532c2,63722d1ffaf87162cc48fe46,12091999,13565,18268,,,2024-04-19T11:16:39.510Z,2024-04-19T11:42:23.622Z,66225297d203ce0014bc0f97,5f92f8a6aaafd5300493b6d0,4.703,2024-04-19T15:10:21.979Z,,
67df45b0c1cf68c4cbfe4f28,11598,65fbeedc55b08000123a245e,1,601adcb1a8ba4141042532c2,63722d1ffaf87162cc48fe46,57195DC2,8440971,8459025,1.832,1.832,2024-04-19T12:55:28.333Z,2024-04-19T16:00:18.328Z,662269c0d203ce0014bc1131,6620e99fd203ce0014bbf60f,18.054,2024-04-19T16:00:18.082Z,2024-04-19T16:00:18.082Z,2024-04-19T16:00:18.082Z
67df45b0c1cf68c4cbfe4f29,11599,661f9fc5d203ce0014bbdfe9,1,601adcb1a8ba4141042532c2,63722d1ffaf87162cc48fe46,12091999,18268,,0,0,2024-04-19T14:01:07.998Z,,66227924d203ce0014bc12c0,5f92f8a6aaafd5300493b6d0,,,,
67df45b0c1cf68c4cbfe4f2a,11600,661f9fc5d203ce0014bbdfe9,1,601adcb1a8ba4141042532c2,63722d1ffaf87162cc48fe46,12091099,40812,67372,,,2024-04-19T19:00:33.804Z,2024-04-19T20:58:01.578Z,6622bf51d203ce0014bc17b8,6622834ad203ce0014bc1363,26.56,2024-04-22T09:30:48.651Z,,
67df45b0c1cf68c4cbfe4f2b,11602,662640f0d203ce0014bc5318,1,601adcb1a8ba4141042532c2,63722d1ffaf87162cc48fe46,12091099,1227170,1227182,,,2024-04-22T10:51:05.266Z,2024-04-22T10:51:24.058Z,66264119d203ce0014bc531c,6622834ad203ce0014bc1363,0.012,2024-04-23T16:26:45.799Z,,
67df45b0c1cf68c4cbfe4f2c,11603,662640f0d203ce0014bc5318,1,601adcb1a8ba4141042532c2,63722d1ffaf87162cc48fe46,12091099,1227182,1237149,,,2024-04-22T10:52:16.923Z,2024-04-22T12:09:15.625Z,66264160d203ce0014bc5329,6622834ad203ce0014bc1363,9.967,2024-04-23T16:26:45.880Z,,
67df45b0c1cf68c4cbfe4f2d,11604,65fbeedc55b08000123a245e,1,601adcb1a8ba4141042532c2,63722d1ffaf87162cc48fe46,57195DC2,8459025,8464720,0.578,0.578,2024-04-22T11:37:40.218Z,2024-04-22T12:08:26.996Z,66264c04d203ce0014bc542d,6620e99fd203ce0014bbf60f,5.695,2024-04-22T12:08:26.714Z,2024-04-22T12:08:26.714Z,2024-04-22T12:08:26.714Z
67df45b0c1cf68c4cbfe4f2e,11605,65fbeedc55b08000123a245e,1,601adcb1a8ba4141042532c2,63722d1ffaf87162cc48fe46,57195DC2,8464720,8509783,4.574,4.574,2024-04-22T13:00:03.998Z,2024-04-22T17:21:19.276Z,66265f54d203ce0014bc55b3,6620e99fd203ce0014bbf60f,45.063,2024-04-22T17:21:18.466Z,2024-04-22T17:21:18.466Z,2024-04-22T17:21:18.466Z
67df45b0c1cf68c4cbfe4f2f,11606,63f7a0792bb4b7001231f198,1,601adcb1a8ba4141042532c2,63722d1ffaf87162cc48fe46,969791F0,3222049,3227531,0.556,0.556,2024-04-22T13:16:06.567Z,2024-04-22T13:51:49.984Z,66266316d203ce0014bc55bc,63722d80131fbc00123e2706,5.482,2024-04-23T16:26:46.122Z,,
67df45b0c1cf68c4cbfe4f30,11607,63f7a0792bb4b7001231f198,1,601adcb1a8ba4141042532c2,63722d1ffaf87162cc48fe46,4D879074,3227531,3237811,1.043,1.043,2024-04-22T13:53:45.768Z,2024-04-22T14:52:56.153Z,66266be9d203ce0014bc5660,66266bdad203ce0014bc5658,10.28,2024-04-23T16:26:46.203Z,,
67df45b0c1cf68c4cbfe4f31,11609,63f7a0792bb4b7001231f198,1,601adcb1a8ba4141042532c2,63722d1ffaf87162cc48fe46,4D0D9174,3237811,3270761,3.344,3.344,2024-04-23T07:22:46.578Z,2024-04-23T16:29:53.672Z,662761c6d203ce0014bc67e1,64538b2e59cf6600123af26a,32.95,2024-04-23T16:46:08.462Z,,
67df45b0c1cf68c4cbfe4f32,11610,661f9fc5d203ce0014bbdfe9,1,601adcb1a8ba4141042532c2,63722d1ffaf87162cc48fe46,12091099,67372,67372,,,2024-04-23T13:22:28.996Z,2024-04-23T13:22:34.987Z,6627b615d203ce0014bc6e1b,6622834ad203ce0014bc1363,0,2024-04-23T16:26:46.364Z,,
67df45b0c1cf68c4cbfe4f33,11611,661f9fc5d203ce0014bbdfe9,1,601adcb1a8ba4141042532c2,63722d1ffaf87162cc48fe46,12091099,67372,76428,,,2024-04-23T13:22:38.668Z,2024-04-23T14:17:28.701Z,6627b61ed203ce0014bc6e24,6622834ad203ce0014bc1363,9.056,2024-04-23T16:26:46.444Z,,
67df45b0c1cf68c4cbfe4f34,11613,65fbeedc55b08000123a245e,1,601adcb1a8ba4141042532c2,63722d1ffaf87162cc48fe46,57195DC2,8509783,8527365,1.785,1.785,2024-04-24T06:51:16.318Z,2024-04-24T08:42:34.880Z,6628abe4d203ce0014bc7f1c,6620e99fd203ce0014bbf60f,17.582,2024-04-24T08:42:34.595Z,2024-04-24T08:42:34.595Z,2024-04-24T08:42:34.595Z
67df45b0c1cf68c4cbfe4f35,11614,63f7a0792bb4b7001231f198,1,601adcb1a8ba4141042532c2,63722d1ffaf87162cc48fe46,969791F0,3270761,3280383,1.156,1.156,2024-04-24T08:32:35.503Z,2024-04-24T11:42:53.383Z,6628c3a3d203ce0014bc8128,63722d80131fbc00123e2706,9.622,2024-04-26T10:17:23.288Z,,
67df45b0c1cf68c4cbfe4f36,11615,65fbeedc55b08000123a245e,1,601adcb1a8ba4141042532c2,63722d1ffaf87162cc48fe46,57195DC2,8527365,8538438,1.124,1.124,2024-04-24T12:39:56.113Z,2024-04-24T13:39:46.636Z,6628fd9cd203ce0014bc852c,6620e99fd203ce0014bbf60f,11.073,2024-04-24T13:39:46.346Z,2024-04-24T13:39:46.346Z,2024-04-24T13:39:46.346Z
67df45b0c1cf68c4cbfe4f37,11616,661f9fc5d203ce0014bbdfe9,1,601adcb1a8ba4141042532c2,63722d1ffaf87162cc48fe46,12091099,76428,111963,,,2024-04-24T13:22:52.701Z,2024-04-24T16:21:57.788Z,662907acd203ce0014bc85b4,6622834ad203ce0014bc1363,35.535,2024-04-26T10:17:23.703Z,,
67df45b0c1cf68c4cbfe4f38,11617,63f7a0792bb4b7001231f198,1,601adcb1a8ba4141042532c2,63722d1ffaf87162cc48fe46,F51F555D,3280383,3285155,0.484,0.484,2024-04-24T14:06:55.974Z,2024-04-24T17:19:47.768Z,662911ffd203ce0014bc86bc,6453b82f82ea136b9458e454,4.772,2024-04-26T10:17:23.898Z,,
67df45b0c1cf68c4cbfe4f39,11618,662640f0d203ce0014bc5318,1,601adcb1a8ba4141042532c2,63722d1ffaf87162cc48fe46,12091099,1237149,1237243,,,2024-04-24T14:55:07.442Z,2024-04-24T14:56:06.857Z,66291d4bd203ce0014bc8751,6622834ad203ce0014bc1363,0.094,2024-04-26T10:17:24.097Z,,
67df45b0c1cf68c4cbfe4f3a,11619,661e9b4ed203ce0014bbce16,1,601adcb1a8ba4141042532c2,63722d1ffaf87162cc48fe46,12091999,0,,0,0,2024-04-24T15:06:04.236Z,,66291fdcd203ce0014bc87db,5f92f8a6aaafd5300493b6d0,,,,
67df45b0c1cf68c4cbfe4f3b,11620,661e9b4ed203ce0014bbce16,1,601adcb1a8ba4141042532c2,63722d1ffaf87162cc48fe46,12091999,0,25,,,2024-04-24T15:13:17.403Z,2024-04-24T15:13:42.346Z,6629218dd203ce0014bc87e5,5f92f8a6aaafd5300493b6d0,0.025,2024-04-26T10:17:24.297Z,,
67df45b0c1cf68c4cbfe4f3c,11621,662640f0d203ce0014bc5318,1,601adcb1a8ba4141042532c2,63722d1ffaf87162cc48fe46,12091099,1237243,1258446,,,2024-04-24T15:22:34.688Z,2024-04-24T18:26:22.744Z,662923bad203ce0014bc87f4,6622834ad203ce0014bc1363,21.203,2024-04-26T10:17:24.505Z,,
67df45b0c1cf68c4cbfe4f3d,11622,65fbeedc55b08000123a245e,1,601adcb1a8ba4141042532c2,63722d1ffaf87162cc48fe46,57195DC2,8538438,8549326,1.105,1.105,2024-04-24T16:44:14.854Z,2024-04-24T17:43:05.973Z,662936ded203ce0014bc898d,6620e99fd203ce0014bbf60f,10.888,2024-04-24T17:43:05.604Z,2024-04-24T17:43:05.605Z,2024-04-24T17:43:05.604Z
67df45b0c1cf68c4cbfe4f3e,11629,661f9fc5d203ce0014bbdfe9,1,601adcb1a8ba4141042532c2,63722d1ffaf87162cc48fe46,12091099,111963,142783,,,2024-04-26T08:50:56.888Z,2024-04-26T11:48:09.722Z,662b6af0d203ce0014bcb0f3,6622834ad203ce0014bc1363,30.82,2024-04-29T10:51:20.918Z,,
67df45b0c1cf68c4cbfe4f3f,11630,63f7a0792bb4b7001231f198,1,601adcb1a8ba4141042532c2,63722d1ffaf87162cc48fe46,4D0D9174,3285155,3294270,0.925,0.925,2024-04-26T14:00:42.638Z,2024-04-26T16:44:57.780Z,662bb38ad203ce0014bcb63e,64538b2e59cf6600123af26a,9.115,2024-04-29T10:51:21.003Z,,
67df45b0c1cf68c4cbfe4f40,11631,65fbeedc55b08000123a245e,1,601adcb1a8ba4141042532c2,63722d1ffaf87162cc48fe46,57195DC2,8549326,8573133,2.416,2.416,2024-04-26T14:47:27.599Z,2024-04-26T16:53:33.884Z,662bbe7fd203ce0014bcb6d3,6620e99fd203ce0014bbf60f,23.807,2024-04-26T16:53:33.597Z,2024-04-26T16:53:33.597Z,2024-04-26T16:53:33.597Z
67df45b0c1cf68c4cbfe4f41,11633,661f9fc5d203ce0014bbdfe9,1,601adcb1a8ba4141042532c2,63722d1ffaf87162cc48fe46,12091099,142783,147970,,,2024-04-27T18:55:09.703Z,2024-04-27T19:19:21.177Z,662d4a0dd203ce0014bcd1f3,6622834ad203ce0014bc1363,5.187,2024-04-29T10:51:21.247Z,,
67df45b0c1cf68c4cbfe4f42,11635,65fbeedc55b08000123a245e,1,601adcb1a8ba4141042532c2,63722d1ffaf87162cc48fe46,57195DC2,8573133,8594774,2.197,2.197,2024-04-29T07:24:19.413Z,2024-04-29T09:20:22.427Z,662f4b23d203ce0014bcf513,6620e99fd203ce0014bbf60f,21.641,2024-04-29T09:20:22.288Z,2024-04-29T09:20:22.290Z,2024-04-29T09:20:22.288Z
67df45b0c1cf68c4cbfe4f43,11636,63f7a0792bb4b7001231f198,1,601adcb1a8ba4141042532c2,63722d1ffaf87162cc48fe46,969791F0,3294270,3305388,1.128,1.128,2024-04-29T07:59:42.003Z,2024-04-29T09:04:15.594Z,662f536ed203ce0014bcf594,63722d80131fbc00123e2706,11.118,2024-04-29T10:51:21.492Z,,
67df45b0c1cf68c4cbfe4f44,11637,63f7a0792bb4b7001231f198,1,601adcb1a8ba4141042532c2,63722d1ffaf87162cc48fe46,969791F0,3305388,3321554,1.942,1.942,2024-04-29T09:42:33.573Z,2024-04-29T11:13:22.409Z,662f6b89d203ce0014bcf7af,63722d80131fbc00123e2706,16.166,2024-04-29T14:55:40.943Z,,
67df45b0c1cf68c4cbfe4f45,11638,65fbeedc55b08000123a245e,1,601adcb1a8ba4141042532c2,63722d1ffaf87162cc48fe46,57195DC2,8594780,8609586,1.778,1.778,2024-04-29T10:01:10.214Z,2024-04-29T11:19:23.204Z,662f6fe6d203ce0014bcf83f,6620e99fd203ce0014bbf60f,14.806,2024-04-29T11:19:22.917Z,2024-04-29T11:19:22.917Z,2024-04-29T11:19:22.917Z
67df45b0c1cf68c4cbfe4f46,11639,661f9fc5d203ce0014bbdfe9,1,601adcb1a8ba4141042532c2,63722d1ffaf87162cc48fe46,12091099,147970,152331,,,2024-04-29T13:13:25.674Z,2024-04-29T13:35:06.441Z,662f9cf5d203ce0014bcfb4d,6622834ad203ce0014bc1363,4.361,2024-04-29T14:55:41.104Z,,
67df45b0c1cf68c4cbfe4f47,11640,63f7a0792bb4b7001231f198,1,601adcb1a8ba4141042532c2,63722d1ffaf87162cc48fe46,F51F555D,3321554,3321554,,,2024-04-29T13:51:15.900Z,2024-04-29T13:51:41.880Z,662fa5d3d203ce0014bcfbd8,6453b82f82ea136b9458e454,0,2024-04-29T14:55:41.185Z,,
67df45b0c1cf68c4cbfe4f48,11641,661f9fc5d203ce0014bbdfe9,1,601adcb1a8ba4141042532c2,63722d1ffaf87162cc48fe46,12091099,152331,184413,,,2024-04-29T15:22:05.646Z,2024-04-29T18:08:12.715Z,662fbb1dd203ce0014bcfd50,6622834ad203ce0014bc1363,32.082,2024-04-30T00:35:52.647Z,,
67df45b0c1cf68c4cbfe4f49,11642,65fbeedc55b08000123a245e,1,601adcb1a8ba4141042532c2,63722d1ffaf87162cc48fe46,57195DC2,8609586,8609586,,,2024-04-30T07:25:27.916Z,2024-04-30T07:25:44.697Z,66309ce7d203ce0014bd0c7e,6620e99fd203ce0014bbf60f,0,2024-04-30T07:25:44.664Z,2024-04-30T07:25:44.664Z,2024-04-30T07:25:44.664Z
67df45b0c1cf68c4cbfe4f4a,11643,65fbeedc55b08000123a245e,1,601adcb1a8ba4141042532c2,63722d1ffaf87162cc48fe46,57195DC2,8609586,8632988,2.811,2.811,2024-04-30T07:26:16.661Z,2024-04-30T10:15:34.509Z,66309d18d203ce0014bd0c8c,6620e99fd203ce0014bbf60f,23.402,2024-04-30T10:15:34.432Z,2024-04-30T10:15:34.432Z,2024-04-30T10:15:34.432Z
67df45b0c1cf68c4cbfe4f4b,11644,661f9fc5d203ce0014bbdfe9,1,601adcb1a8ba4141042532c2,63722d1ffaf87162cc48fe46,12091099,184413,198473,,,2024-04-30T08:38:30.703Z,2024-04-30T10:23:43.819Z,6630ae06d203ce0014bd0e1a,6622834ad203ce0014bc1363,14.06,2024-04-30T14:23:56.206Z,,
67df45b0c1cf68c4cbfe4f4c,11645,63f7a0792bb4b7001231f198,1,601adcb1a8ba4141042532c2,63722d1ffaf87162cc48fe46,4D0D9174,3332188,3353700,2.183,2.183,2024-04-30T08:53:28.298Z,2024-04-30T13:01:53.769Z,6630b188d203ce0014bd0e54,64538b2e59cf6600123af26a,21.512,2024-04-30T14:23:56.287Z,,
67df45b0c1cf68c4cbfe4f4d,11646,63f7a0792bb4b7001231f198,1,601adcb1a8ba4141042532c2,63722d1ffaf87162cc48fe46,4D0D9174,3353700,3359545,0.593,0.593,2024-04-30T14:04:54.826Z,2024-04-30T16:35:47.199Z,6630fa86d203ce0014bd1434,64538b2e59cf6600123af26a,5.845,2024-05-02T11:20:58.939Z,,
67df45b0c1cf68c4cbfe4f4e,11651,63f7a0792bb4b7001231f198,1,601adcb1a8ba4141042532c2,63722d1ffaf87162cc48fe46,969791F0,3359545,3376281,2.01,2.01,2024-05-02T07:53:04.600Z,2024-05-02T10:27:51.181Z,66334660d203ce0014bd3e6b,63722d80131fbc00123e2706,16.736,2024-05-02T11:20:59.337Z,,
67df45b0c1cf68c4cbfe4f4f,11652,63f7a0792bb4b7001231f198,1,601adcb1a8ba4141042532c2,63722d1ffaf87162cc48fe46,B5485549,3376281,3376767,0.049,0.049,2024-05-02T12:50:58.401Z,2024-05-02T13:03:07.291Z,66338c32d203ce0014bd4396,643d70b933af02001273760d,0.486,2024-05-02T13:14:59.522Z,,
67df45b0c1cf68c4cbfe4f50,11653,661f9fc5d203ce0014bbdfe9,1,601adcb1a8ba4141042532c2,63722d1ffaf87162cc48fe46,12091099,198473,228473,,,2024-05-02T13:05:21.393Z,2024-05-02T15:47:00.353Z,66338f91d203ce0014bd442b,6622834ad203ce0014bc1363,30,2024-05-02T16:29:09.422Z,,
67df45b0c1cf68c4cbfe4f51,11654,63f7a0792bb4b7001231f198,1,601adcb1a8ba4141042532c2,63722d1ffaf87162cc48fe46,F51F555D,3376767,3386570,0.995,0.995,2024-05-02T14:00:56.744Z,2024-05-02T17:56:27.140Z,66339c988b07a1001262c9a2,6453b82f82ea136b9458e454,9.803,2024-05-07T11:18:15.269Z,,
67df45b0c1cf68c4cbfe4f52,11656,65fbeedc55b08000123a245e,1,601adcb1a8ba4141042532c2,63722d1ffaf87162cc48fe46,57195DC2,8632988,8637389,0.447,0.447,2024-05-03T08:53:59.657Z,2024-05-03T09:17:59.931Z,6634a6278b07a1001262dca8,6620e99fd203ce0014bbf60f,4.401,2024-05-03T09:17:59.652Z,2024-05-03T09:17:59.652Z,2024-05-03T09:17:59.652Z
67df45b0c1cf68c4cbfe4f53,11657,63f7a0792bb4b7001231f198,1,601adcb1a8ba4141042532c2,63722d1ffaf87162cc48fe46,F51F555D,3386570,3392382,0.698,0.698,2024-05-03T13:33:28.200Z,2024-05-03T19:06:16.753Z,6634e7a88b07a1001262e197,6453b82f82ea136b9458e454,5.812,2024-05-07T11:18:15.903Z,,
67df45b0c1cf68c4cbfe4f54,11658,65fbeedc55b08000123a245e,1,601adcb1a8ba4141042532c2,63722d1ffaf87162cc48fe46,57195DC2,8637389,8673265,3.641,3.641,2024-05-03T14:02:40.657Z,2024-05-03T17:14:28.684Z,6634ee808b07a1001262e231,6620e99fd203ce0014bbf60f,35.876,2024-05-03T17:14:28.400Z,2024-05-03T17:14:28.400Z,2024-05-03T17:14:28.400Z
67df45b0c1cf68c4cbfe4f55,11662,661f9fc5d203ce0014bbdfe9,1,601adcb1a8ba4141042532c2,63722d1ffaf87162cc48fe46,12091099,228473,259870,,,2024-05-04T15:30:25.336Z,2024-05-04T18:22:43.628Z,663654918b07a1001262fd79,6622834ad203ce0014bc1363,31.397,2024-05-07T11:18:16.935Z,,
67df45b0c1cf68c4cbfe4f56,11665,65fbeedc55b08000123a245e,1,601adcb1a8ba4141042532c2,63722d1ffaf87162cc48fe46,57195DC2,8673265,8682090,0.896,0.896,2024-05-06T07:21:28.155Z,2024-05-06T08:08:49.695Z,663884f88b07a10012632502,6620e99fd203ce0014bbf60f,8.825,2024-05-06T08:08:49.406Z,2024-05-06T08:08:49.406Z,2024-05-06T08:08:49.406Z
67df45b0c1cf68c4cbfe4f57,11666,661f9fc5d203ce0014bbdfe9,1,601adcb1a8ba4141042532c2,63722d1ffaf87162cc48fe46,12091099,259870,282344,,,2024-05-06T12:04:39.237Z,2024-05-06T13:44:19.669Z,6638c7578b07a100126329f1,6622834ad203ce0014bc1363,22.474,2024-05-07T11:18:17.755Z,,
67df45b0c1cf68c4cbfe4f58,11667,65fbeedc55b08000123a245e,1,601adcb1a8ba4141042532c2,63722d1ffaf87162cc48fe46,57195DC2,8682090,8705570,2.383,2.383,2024-05-06T14:24:31.152Z,2024-05-06T16:31:42.189Z,6638e81f8b07a10012632bf1,6620e99fd203ce0014bbf60f,23.48,2024-05-06T16:31:41.897Z,2024-05-06T16:31:41.898Z,2024-05-06T16:31:41.897Z
67df45b0c1cf68c4cbfe4f59,11668,63f7a0792bb4b7001231f198,1,601adcb1a8ba4141042532c2,63722d1ffaf87162cc48fe46,B5485549,3392382,3396260,0.394,0.394,2024-05-06T15:21:14.164Z,2024-05-06T16:53:10.619Z,6638f56a8b07a10012632cf9,643d70b933af02001273760d,3.878,2024-05-07T11:18:18.171Z,,
67df45b0c1cf68c4cbfe4f5a,11671,661f9fc5d203ce0014bbdfe9,1,601adcb1a8ba4141042532c2,63722d1ffaf87162cc48fe46,12091099,282344,287519,,,2024-05-06T21:56:39.768Z,2024-05-06T22:19:58.397Z,663952178b07a100126333e2,6622834ad203ce0014bc1363,5.175,2024-05-07T11:18:18.785Z,,
67df45b0c1cf68c4cbfe4f5b,11672,63f7a0792bb4b7001231f198,1,601adcb1a8ba4141042532c2,63722d1ffaf87162cc48fe46,4D0D9174,3396260,3439226,4.361,4.361,2024-05-07T07:40:35.322Z,2024-05-07T13:00:19.745Z,6639daf38b07a10012633e24,64538b2e59cf6600123af26a,42.966,2024-05-10T16:00:52.079Z,,
67df45b0c1cf68c4cbfe4f5c,11673,661f9fc5d203ce0014bbdfe9,1,601adcb1a8ba4141042532c2,63722d1ffaf87162cc48fe46,12091099,287519,309165,,,2024-05-07T08:39:34.339Z,2024-05-07T10:35:56.343Z,6639e8c68b07a10012633f3b,6622834ad203ce0014bc1363,21.646,2024-05-10T16:00:52.172Z,,
67df45b0c1cf68c4cbfe4f5d,11674,63f7a0792bb4b7001231f198,1,601adcb1a8ba4141042532c2,63722d1ffaf87162cc48fe46,B5485549,3439226,3442301,0.312,0.312,2024-05-07T13:32:10.577Z,2024-05-07T14:57:36.697Z,663a2d5a8b07a10012634497,643d70b933af02001273760d,3.075,2024-05-10T16:00:52.262Z,,
67df45b0c1cf68c4cbfe4f5e,11675,63f7a0792bb4b7001231f198,1,601adcb1a8ba4141042532c2,63722d1ffaf87162cc48fe46,B5485549,3442301,3442327,0.003,0.003,2024-05-07T14:57:42.875Z,2024-05-07T14:58:27.648Z,663a41668b07a100126345dc,643d70b933af02001273760d,0.026,2024-05-10T16:00:52.357Z,,
67df45b0c1cf68c4cbfe4f5f,11677,63f7a0792bb4b7001231f198,1,601adcb1a8ba4141042532c2,63722d1ffaf87162cc48fe46,F51F555D,3442327,3451414,1.091,1.091,2024-05-08T08:24:17.846Z,2024-05-08T11:34:16.767Z,663b36b18b07a1001263576a,6453b82f82ea136b9458e454,9.087,2024-05-10T16:00:52.544Z,,
67df45b0c1cf68c4cbfe4f60,11678,661f9fc5d203ce0014bbdfe9,1,601adcb1a8ba4141042532c2,63722d1ffaf87162cc48fe46,12091099,309165,334209,,,2024-05-08T08:50:23.294Z,2024-05-08T11:36:34.202Z,663b3ccf8b07a100126357f7,6622834ad203ce0014bc1363,25.044,2024-05-10T16:00:52.635Z,,
67df45b0c1cf68c4cbfe4f61,11679,65fbeedc55b08000123a245e,1,601adcb1a8ba4141042532c2,63722d1ffaf87162cc48fe46,57195DC2,8705570,8732685,2.752,2.752,2024-05-08T09:41:37.377Z,2024-05-08T12:07:19.119Z,663b48d18b07a1001263590f,6620e99fd203ce0014bbf60f,27.115,2024-05-08T12:07:18.837Z,2024-05-08T12:07:18.837Z,2024-05-08T12:07:18.837Z
67df45b0c1cf68c4cbfe4f62,11680,661f9fc5d203ce0014bbdfe9,1,601adcb1a8ba4141042532c2,63722d1ffaf87162cc48fe46,12091099,334209,363260,,,2024-05-08T13:24:59.647Z,2024-05-08T15:34:02.453Z,663b7d2b8b07a10012635cc5,6622834ad203ce0014bc1363,29.051,2024-05-10T16:00:52.825Z,,
67df45b0c1cf68c4cbfe4f63,11682,661f9fc5d203ce0014bbdfe9,1,601adcb1a8ba4141042532c2,63722d1ffaf87162cc48fe46,12091099,363260,387904,,,2024-05-09T09:03:30.656Z,2024-05-09T11:11:08.986Z,663c91628b07a10012637113,6622834ad203ce0014bc1363,24.644,2024-05-10T16:00:53.168Z,,
67df45b0c1cf68c4cbfe4f64,11686,65fbeedc55b08000123a245e,1,601adcb1a8ba4141042532c2,63722d1ffaf87162cc48fe46,57195DC2,8732685,8744844,1.234,1.234,2024-05-10T06:51:42.098Z,2024-05-10T07:57:19.865Z,663dc3fe8b07a100126387f7,6620e99fd203ce0014bbf60f,12.159,2024-05-10T07:57:19.586Z,2024-05-10T07:57:19.586Z,2024-05-10T07:57:19.586Z
67df45b0c1cf68c4cbfe4f65,11688,63f7a0792bb4b7001231f198,1,601adcb1a8ba4141042532c2,63722d1ffaf87162cc48fe46,B5485549,3451414,3460126,1.046,1.046,2024-05-10T08:15:24.645Z,2024-05-10T11:31:33.731Z,663dd79c8b07a10012638994,643d70b933af02001273760d,8.712,2024-05-10T16:00:53.732Z,,
67df45b0c1cf68c4cbfe4f66,11689,65fbeedc55b08000123a245e,1,601adcb1a8ba4141042532c2,63722d1ffaf87162cc48fe46,57195DC2,8744844,8762314,1.773,1.773,2024-05-10T15:42:27.345Z,2024-05-10T17:16:31.119Z,663e40638b07a1001263916c,6620e99fd203ce0014bbf60f,17.47,2024-05-10T17:16:30.835Z,2024-05-10T17:16:30.835Z,2024-05-10T17:16:30.835Z
67df45b0c1cf68c4cbfe4f67,11690,661f9fc5d203ce0014bbdfe9,1,601adcb1a8ba4141042532c2,63722d1ffaf87162cc48fe46,12091099,387904,403051,,,2024-05-10T17:15:52.701Z,2024-05-10T19:28:23.922Z,663e56488b07a100126392f5,6622834ad203ce0014bc1363,15.147,2024-05-13T08:17:44.678Z,,
67df45b0c1cf68c4cbfe4f68,11701,65fbeedc55b08000123a245e,1,601adcb1a8ba4141042532c2,63722d1ffaf87162cc48fe46,57195DC2,8762314,8793881,3.204,3.204,2024-05-13T13:08:12.950Z,2024-05-13T15:59:15.703Z,664210bc8b07a1001263d83e,6620e99fd203ce0014bbf60f,31.567,2024-05-13T15:59:15.429Z,2024-05-13T15:59:15.429Z,2024-05-13T15:59:15.429Z
67df45b0c1cf68c4cbfe4f69,11704,65fbeedc55b08000123a245e,1,601adcb1a8ba4141042532c2,63722d1ffaf87162cc48fe46,57195DC2,8793881,8813234,1.964,1.964,2024-05-14T14:34:47.649Z,2024-05-14T16:18:26.671Z,664376878b07a1001263f2b2,6620e99fd203ce0014bbf60f,19.353,2024-05-14T16:18:26.383Z,2024-05-14T16:18:26.383Z,2024-05-14T16:18:26.383Z
67df45b0c1cf68c4cbfe4f6a,11705,65fbeedc55b08000123a245e,1,601adcb1a8ba4141042532c2,63722d1ffaf87162cc48fe46,57195DC2,8813234,8830321,1.734,1.734,2024-05-14T16:18:54.394Z,2024-05-14T17:50:12.676Z,66438eee8b07a1001263f443,6620e99fd203ce0014bbf60f,17.087,2024-05-14T17:50:12.387Z,2024-05-14T17:50:12.387Z,2024-05-14T17:50:12.387Z
67df45b0c1cf68c4cbfe4f6b,11708,65fbeedc55b08000123a245e,1,601adcb1a8ba4141042532c2,63722d1ffaf87162cc48fe46,57195DC2,8830321,8843138,1.301,1.301,2024-05-15T06:57:31.899Z,2024-05-15T08:06:29.686Z,66445cdb8b07a100126402d5,6620e99fd203ce0014bbf60f,12.817,2024-05-15T08:06:29.392Z,2024-05-15T08:06:29.392Z,2024-05-15T08:06:29.392Z
67df45b0c1cf68c4cbfe4f6c,11709,65fbeedc55b08000123a245e,1,601adcb1a8ba4141042532c2,63722d1ffaf87162cc48fe46,57195DC2,8843138,8880783,3.821,3.821,2024-05-15T14:43:49.539Z,2024-05-15T18:05:13.072Z,6644ca258b07a10012640b3a,6620e99fd203ce0014bbf60f,37.645,2024-05-15T18:05:12.780Z,2024-05-15T18:05:12.780Z,2024-05-15T18:05:12.780Z
67df45b0c1cf68c4cbfe4f6d,11711,661f9fc5d203ce0014bbdfe9,1,601adcb1a8ba4141042532c2,63722d1ffaf87162cc48fe46,12091099,403051,429379,,,2024-05-16T07:49:30.801Z,2024-05-16T10:40:08.513Z,6645ba8a8b07a10012641c0b,6622834ad203ce0014bc1363,26.328,2024-05-16T14:30:24.590Z,,
67df45b0c1cf68c4cbfe4f6e,11712,662281dbd203ce0014bc134a,1,601adcb1a8ba4141042532c2,63722d1ffaf87162cc48fe46,12091099,2,2486,,,2024-05-16T15:29:56.343Z,2024-05-16T15:50:29.950Z,664626748b07a1001264237d,6622834ad203ce0014bc1363,2.484,2024-05-16T17:32:56.824Z,,
67df45b0c1cf68c4cbfe4f6f,11713,63f7a0792bb4b7001231f198,1,601adcb1a8ba4141042532c2,63722d1ffaf87162cc48fe46,B5485549,3460126,3464852,0.568,0.568,2024-05-16T16:55:15.702Z,2024-05-16T19:23:05.579Z,66463a738b07a100126424fd,643d70b933af02001273760d,4.726,2024-05-17T11:22:10.274Z,,
67df45b0c1cf68c4cbfe4f70,11714,65fbeedc55b08000123a245e,1,601adcb1a8ba4141042532c2,63722d1ffaf87162cc48fe46,57195DC2,8880783,8893841,1.325,1.325,2024-05-16T17:07:43.734Z,2024-05-16T18:18:21.011Z,66463d5f8b07a1001264258e,6620e99fd203ce0014bbf60f,13.058,2024-05-16T18:18:20.724Z,2024-05-16T18:18:20.724Z,2024-05-16T18:18:20.724Z
67df45b0c1cf68c4cbfe4f71,11717,65fbeedc55b08000123a245e,1,601adcb1a8ba4141042532c2,63722d1ffaf87162cc48fe46,57195DC2,8893841,8900168,0.642,0.642,2024-05-17T07:09:54.234Z,2024-05-17T07:50:14.763Z,664702c28b07a10012643504,6620e99fd203ce0014bbf60f,6.327,2024-05-17T07:50:14.476Z,2024-05-17T07:50:14.476Z,2024-05-17T07:50:14.476Z
67df45b1c1cf68c4cbfe4f72,11719,65fbeedc55b08000123a245e,1,601adcb1a8ba4141042532c2,63722d1ffaf87162cc48fe46,57195DC2,8900168,8939388,3.981,3.981,2024-05-17T14:08:46.253Z,2024-05-17T17:39:08.612Z,664764ee0e0efd00121196e0,6620e99fd203ce0014bbf60f,39.22,2024-05-17T17:39:08.334Z,2024-05-17T17:39:08.334Z,2024-05-17T17:39:08.334Z
67df45b1c1cf68c4cbfe4f73,11720,662640f0d203ce0014bc5318,1,601adcb1a8ba4141042532c2,63722d1ffaf87162cc48fe46,12091099,1258446,1258507,,,2024-05-17T14:09:46.488Z,2024-05-17T14:10:46.398Z,6647652a0e0efd00121196e7,6622834ad203ce0014bc1363,0.061,2024-05-17T15:09:35.117Z,,
67df45b1c1cf68c4cbfe4f74,11721,661e9b4ed203ce0014bbce16,1,601adcb1a8ba4141042532c2,63722d1ffaf87162cc48fe46,12091999,25,411,,,2024-05-17T16:18:17.489Z,2024-05-17T16:21:45.992Z,66478349407be0001237f2ad,5f92f8a6aaafd5300493b6d0,0.386,2024-05-17T18:13:38.850Z,,
67df45b1c1cf68c4cbfe4f75,11724,661f9fc5d203ce0014bbdfe9,1,601adcb1a8ba4141042532c2,63722d1ffaf87162cc48fe46,12091099,429379,433154,,,2024-05-18T15:56:45.900Z,2024-05-18T16:14:05.354Z,6648cfbd407be00012380b53,6622834ad203ce0014bc1363,3.775,2024-05-20T09:19:25.098Z,,
67df45b1c1cf68c4cbfe4f76,11727,63f7a0792bb4b7001231f198,1,601adcb1a8ba4141042532c2,63722d1ffaf87162cc48fe46,4D0D9174,3464852,3521585,5.758,5.758,2024-05-20T07:32:55.030Z,2024-05-20T16:40:37.298Z,664afca7407be00012383391,64538b2e59cf6600123af26a,56.733,2024-05-24T15:54:00.855Z,,
67df45b1c1cf68c4cbfe4f77,11728,661f9fc5d203ce0014bbdfe9,1,601adcb1a8ba4141042532c2,63722d1ffaf87162cc48fe46,12091099,433154,452871,,,2024-05-20T12:49:57.694Z,2024-05-20T14:18:05.449Z,664b46f5407be00012383907,6622834ad203ce0014bc1363,19.717,2024-05-20T16:53:41.533Z,,
67df45b1c1cf68c4cbfe4f78,11729,661f9fc5d203ce0014bbdfe9,1,601adcb1a8ba4141042532c2,63722d1ffaf87162cc48fe46,12091099,452871,470646,,,2024-05-20T16:25:47.455Z,2024-05-20T19:00:00.999Z,664b798b407be00012383c86,6622834ad203ce0014bc1363,17.775,2024-05-24T15:54:00.860Z,,
67df45b1c1cf68c4cbfe4f79,11731,65fbeedc55b08000123a245e,1,601adcb1a8ba4141042532c2,63722d1ffaf87162cc48fe46,57195DC2,8939388,8987024,4.835,4.835,2024-05-21T07:37:04.143Z,2024-05-21T11:52:39.876Z,664c4f20407be00012384c93,6620e99fd203ce0014bbf60f,47.636,2024-05-21T11:52:39.586Z,2024-05-21T11:52:39.586Z,2024-05-21T11:52:39.586Z
67df45b1c1cf68c4cbfe4f7a,11732,63f7a0792bb4b7001231f198,1,601adcb1a8ba4141042532c2,63722d1ffaf87162cc48fe46,969791F0,3521585,3548623,2.744,2.744,2024-05-21T07:57:24.683Z,2024-05-21T11:27:07.848Z,664c53e4407be00012384ca4,63722d80131fbc00123e2706,27.038,2024-05-24T15:54:00.874Z,,
67df45b1c1cf68c4cbfe4f7b,11733,63f7a0792bb4b7001231f198,1,601adcb1a8ba4141042532c2,63722d1ffaf87162cc48fe46,B5485549,3548623,3552011,0.344,0.344,2024-05-21T12:36:11.780Z,2024-05-21T13:35:55.720Z,664c953b407be000123851f0,643d70b933af02001273760d,3.388,2024-05-24T15:54:00.877Z,,
67df45b1c1cf68c4cbfe4f7c,11734,63f7a0792bb4b7001231f198,1,601adcb1a8ba4141042532c2,63722d1ffaf87162cc48fe46,B5485549,3552011,3555318,0.336,0.336,2024-05-21T15:49:35.428Z,2024-05-21T17:25:56.326Z,664cc28f407be00012385504,643d70b933af02001273760d,3.307,2024-05-24T15:54:00.879Z,,
67df45b1c1cf68c4cbfe4f7d,11737,65fbeedc55b08000123a245e,1,601adcb1a8ba4141042532c2,63722d1ffaf87162cc48fe46,57195DC2,8987024,9034680,4.837,4.837,2024-05-22T07:27:40.000Z,2024-05-22T12:24:12.142Z,664d9e6c407be000123864cb,6620e99fd203ce0014bbf60f,47.656,2024-05-22T12:24:11.854Z,2024-05-22T12:24:11.854Z,2024-05-22T12:24:11.854Z
67df45b1c1cf68c4cbfe4f7e,11738,661f9fc5d203ce0014bbdfe9,1,601adcb1a8ba4141042532c2,63722d1ffaf87162cc48fe46,12091099,470646,485967,,,2024-05-22T11:51:42.302Z,2024-05-22T13:09:06.076Z,664ddc4e407be0001238699e,6622834ad203ce0014bc1363,15.321,2024-05-24T15:54:00.890Z,,
67df45b1c1cf68c4cbfe4f7f,11739,63f7a0792bb4b7001231f198,1,601adcb1a8ba4141042532c2,63722d1ffaf87162cc48fe46,B5485549,3555318,3557404,0.212,0.212,2024-05-22T13:42:32.894Z,2024-05-22T14:57:10.362Z,664df648407be00012386ba2,643d70b933af02001273760d,2.086,2024-05-24T15:54:00.893Z,,
67df45b1c1cf68c4cbfe4f80,11740,65fbeedc55b08000123a245e,1,601adcb1a8ba4141042532c2,63722d1ffaf87162cc48fe46,57195DC2,9034680,9048174,1.37,1.37,2024-05-22T15:48:00.846Z,2024-05-22T17:00:52.629Z,664e13b0407be00012386db8,6620e99fd203ce0014bbf60f,13.494,2024-05-22T17:00:52.347Z,2024-05-22T17:00:52.347Z,2024-05-22T17:00:52.347Z
67df45b1c1cf68c4cbfe4f81,11741,65fbeedc55b08000123a245e,1,601adcb1a8ba4141042532c2,63722d1ffaf87162cc48fe46,57195DC2,9048174,9059039,1.103,1.103,2024-05-22T17:01:04.854Z,2024-05-22T17:59:30.378Z,664e24d0407be00012386f4a,6620e99fd203ce0014bbf60f,10.865,2024-05-22T17:59:30.094Z,2024-05-22T17:59:30.094Z,2024-05-22T17:59:30.094Z
67df45b1c1cf68c4cbfe4f82,11744,661f9fc5d203ce0014bbdfe9,1,601adcb1a8ba4141042532c2,63722d1ffaf87162cc48fe46,12091099,485967,499256,,,2024-05-22T19:56:40.964Z,2024-05-22T20:55:47.379Z,664e4df8407be00012387216,6622834ad203ce0014bc1363,13.289,2024-05-24T15:54:00.903Z,,
67df45b1c1cf68c4cbfe4f83,11745,65fbeedc55b08000123a245e,1,601adcb1a8ba4141042532c2,63722d1ffaf87162cc48fe46,57195DC2,9059039,9074573,1.866,1.866,2024-05-23T08:35:32.873Z,2024-05-23T09:59:29.882Z,664effd4407be00012387f51,6620e99fd203ce0014bbf60f,15.534,2024-05-23T09:59:29.594Z,2024-05-23T09:59:29.594Z,2024-05-23T09:59:29.594Z
67df45b1c1cf68c4cbfe4f84,11746,63f7a0792bb4b7001231f198,1,601adcb1a8ba4141042532c2,63722d1ffaf87162cc48fe46,B5485549,3557404,3562568,0.524,0.524,2024-05-23T12:33:26.800Z,2024-05-23T16:59:52.183Z,664f3796407be00012388348,643d70b933af02001273760d,5.164,2024-05-24T15:54:00.909Z,,
67df45b1c1cf68c4cbfe4f85,11747,65fbeedc55b08000123a245e,1,601adcb1a8ba4141042532c2,63722d1ffaf87162cc48fe46,57195DC2,9074573,9093099,1.88,1.88,2024-05-23T12:59:34.596Z,2024-05-23T14:45:43.126Z,664f3db6407be0001238835d,6620e99fd203ce0014bbf60f,18.526,2024-05-23T14:45:42.852Z,2024-05-23T14:45:42.852Z,2024-05-23T14:45:42.852Z
67df45b1c1cf68c4cbfe4f86,11748,63f7a0792bb4b7001231f198,1,601adcb1a8ba4141042532c2,63722d1ffaf87162cc48fe46,B5485549,3562568,3564225,0.168,0.168,2024-05-23T17:29:55.098Z,2024-05-23T19:15:10.587Z,664f7d13407be00012388800,643d70b933af02001273760d,1.657,2024-05-24T15:54:00.915Z,,
67df45b1c1cf68c4cbfe4f87,11751,661f9fc5d203ce0014bbdfe9,1,601adcb1a8ba4141042532c2,63722d1ffaf87162cc48fe46,12091099,499256,507990,,,2024-05-24T08:51:51.060Z,2024-05-24T09:39:17.660Z,66505527407be00012389780,6622834ad203ce0014bc1363,8.734,2024-05-24T15:54:00.923Z,,
67df45b1c1cf68c4cbfe4f88,11752,662281dbd203ce0014bc134a,1,601adcb1a8ba4141042532c2,63722d1ffaf87162cc48fe46,12091099,2486,2994,,,2024-05-24T09:41:17.296Z,2024-05-24T09:46:26.878Z,665060bd407be00012389886,6622834ad203ce0014bc1363,0.508,2024-05-24T15:54:00.925Z,,
67df45b1c1cf68c4cbfe4f89,11753,662281dbd203ce0014bc134a,1,601adcb1a8ba4141042532c2,63722d1ffaf87162cc48fe46,12091099,2994,3071,,,2024-05-24T09:48:05.072Z,2024-05-24T09:49:44.089Z,66506255407be000123898a7,6622834ad203ce0014bc1363,0.077,2024-05-24T15:54:00.932Z,,
67df45b1c1cf68c4cbfe4f8a,11754,661f9fc5d203ce0014bbdfe9,1,601adcb1a8ba4141042532c2,63722d1ffaf87162cc48fe46,12091099,507990,508490,,,2024-05-24T09:52:42.678Z,2024-05-24T09:56:00.745Z,6650636a407be000123898ba,6622834ad203ce0014bc1363,0.5,2024-05-24T15:54:00.935Z,,
67df45b1c1cf68c4cbfe4f8b,11755,662281dbd203ce0014bc134a,1,601adcb1a8ba4141042532c2,63722d1ffaf87162cc48fe46,12091099,3071,3071,,,2024-05-24T10:01:35.933Z,2024-05-24T10:01:43.804Z,6650657f407be0001238994d,6622834ad203ce0014bc1363,0,2024-05-24T15:54:00.937Z,,
67df45b1c1cf68c4cbfe4f8c,11756,662281dbd203ce0014bc134a,1,601adcb1a8ba4141042532c2,63722d1ffaf87162cc48fe46,12091099,3071,,0,0,2024-05-24T10:02:08.192Z,,665065a0407be00012389955,6622834ad203ce0014bc1363,,,,
67df45b1c1cf68c4cbfe4f8d,11757,662281dbd203ce0014bc134a,1,601adcb1a8ba4141042532c2,63722d1ffaf87162cc48fe46,12091099,3071,3071,,,2024-05-24T10:28:16.089Z,2024-05-24T10:29:08.498Z,66506bc0407be00012389961,6622834ad203ce0014bc1363,0,2024-05-24T15:54:00.940Z,,
67df45b1c1cf68c4cbfe4f8e,11758,662281dbd203ce0014bc134a,1,601adcb1a8ba4141042532c2,63722d1ffaf87162cc48fe46,12091099,3071,3079,,,2024-05-24T10:41:57.401Z,2024-05-24T10:43:46.893Z,66506ef5407be000123899e9,6622834ad203ce0014bc1363,0.008,2024-05-24T15:54:00.942Z,,
67df45b1c1cf68c4cbfe4f8f,11759,662281dbd203ce0014bc134a,1,601adcb1a8ba4141042532c2,63722d1ffaf87162cc48fe46,12091099,3079,3081,,,2024-05-24T10:45:59.244Z,2024-05-24T10:46:39.562Z,66506fe7407be000123899f4,6622834ad203ce0014bc1363,0.002,2024-05-24T15:54:00.945Z,,
67df45b1c1cf68c4cbfe4f90,11760,662281dbd203ce0014bc134a,1,601adcb1a8ba4141042532c2,63722d1ffaf87162cc48fe46,12091099,3081,9814,,,2024-05-24T10:57:55.661Z,2024-05-24T11:34:05.405Z,665072b3407be00012389a02,6622834ad203ce0014bc1363,6.733,2024-05-24T15:54:00.948Z,,
67df45b1c1cf68c4cbfe4f91,11761,661f9fc5d203ce0014bbdfe9,1,601adcb1a8ba4141042532c2,63722d1ffaf87162cc48fe46,12091099,508490,522141,,,2024-05-24T13:21:29.602Z,2024-05-24T14:40:45.514Z,66509459407be00012389c82,6622834ad203ce0014bc1363,13.651,2024-05-24T15:54:00.950Z,,
67df45b1c1cf68c4cbfe4f92,11762,65fbeedc55b08000123a245e,1,601adcb1a8ba4141042532c2,63722d1ffaf87162cc48fe46,57195DC2,9093099,9099432,0.643,0.643,2024-05-24T16:41:34.340Z,2024-05-24T17:15:57.622Z,6650c33ebd287700126b1b95,6620e99fd203ce0014bbf60f,6.333,2024-05-24T17:15:57.336Z,2024-05-24T17:15:57.337Z,2024-05-24T17:15:57.336Z
67df45b1c1cf68c4cbfe4f93,11766,65fbeedc55b08000123a245e,1,601adcb1a8ba4141042532c2,63722d1ffaf87162cc48fe46,57195DC2,9099432,9106024,0.669,0.669,2024-05-27T07:12:38.086Z,2024-05-27T07:48:04.371Z,66543266bd287700126b5a3b,6620e99fd203ce0014bbf60f,6.592,2024-05-27T07:48:04.343Z,2024-05-27T07:48:04.343Z,2024-05-27T07:48:04.343Z
67df45b1c1cf68c4cbfe4f94,11768,662281dbd203ce0014bc134a,1,601adcb1a8ba4141042532c2,63722d1ffaf87162cc48fe46,12091099,9814,31386,,,2024-05-27T07:47:53.226Z,2024-05-27T09:41:38.643Z,66543aa9bd287700126b5ad0,6622834ad203ce0014bc1363,21.572,2024-06-11T08:16:00.903Z,,
67df45b1c1cf68c4cbfe4f95,11769,63a3275a652e600012b78b67,1,601adcb1a8ba4141042532c2,63722d1ffaf87162cc48fe46,969791F0,0,863,0.104,0.104,2024-05-27T09:42:52.098Z,2024-05-27T09:54:23.416Z,6654559cbd287700126b5d0b,63722d80131fbc00123e2706,0.863,2024-05-27T09:54:19.281Z,2024-05-27T09:54:19.281Z,2024-05-27T09:54:19.281Z
67df45b1c1cf68c4cbfe4f96,11770,662281dbd203ce0014bc134a,1,601adcb1a8ba4141042532c2,63722d1ffaf87162cc48fe46,12091099,31386,50829,,,2024-05-27T09:56:04.043Z,2024-05-27T11:38:35.452Z,665458b4bd287700126b5d37,6622834ad203ce0014bc1363,19.443,2024-06-11T08:16:00.907Z,,
67df45b1c1cf68c4cbfe4f97,11771,661f9fc5d203ce0014bbdfe9,1,601adcb1a8ba4141042532c2,63722d1ffaf87162cc48fe46,12091099,522141,553838,,,2024-05-27T15:10:55.909Z,2024-05-27T19:47:40.362Z,6654a27fbd287700126b62be,6622834ad203ce0014bc1363,31.697,2024-06-11T08:16:00.909Z,,
67df45b1c1cf68c4cbfe4f98,11773,63f7a0792bb4b7001231f198,1,601adcb1a8ba4141042532c2,63722d1ffaf87162cc48fe46,4D879074,3564225,3586875,2.299,2.299,2024-05-28T09:38:15.074Z,2024-05-28T17:56:27.981Z,6655a607bd287700126b750d,66266bdad203ce0014bc5658,22.65,2024-06-11T08:16:00.913Z,,
67df45b1c1cf68c4cbfe4f99,11776,661e9b4ed203ce0014bbce16,1,601adcb1a8ba4141042532c2,63722d1ffaf87162cc48fe46,12091999,411,411,,,2024-05-29T13:31:30.744Z,2024-05-29T13:31:52.751Z,66572e32bd287700126b9386,5f92f8a6aaafd5300493b6d0,0,2024-06-11T08:16:00.920Z,,
67df45b1c1cf68c4cbfe4f9a,11777,661e9b4ed203ce0014bbce16,1,601adcb1a8ba4141042532c2,63722d1ffaf87162cc48fe46,12091999,411,411,,,2024-05-29T13:31:58.419Z,2024-05-29T13:32:11.002Z,66572e4ebd287700126b9397,5f92f8a6aaafd5300493b6d0,0,2024-06-11T08:16:00.922Z,,
67df45b1c1cf68c4cbfe4f9b,11778,661f9fc5d203ce0014bbdfe9,1,601adcb1a8ba4141042532c2,63722d1ffaf87162cc48fe46,12091099,553838,588374,,,2024-05-29T13:33:38.770Z,2024-05-29T16:33:57.559Z,66572eb2bd287700126b93e6,6622834ad203ce0014bc1363,34.536,2024-06-11T08:16:00.924Z,,
67df45b1c1cf68c4cbfe4f9c,11785,63f7a0792bb4b7001231f198,1,601adcb1a8ba4141042532c2,63722d1ffaf87162cc48fe46,4D0D9174,3586875,3650777,6.486,6.486,2024-06-03T07:40:38.730Z,2024-06-03T16:22:40.486Z,665d7376bd287700126c319e,64538b2e59cf6600123af26a,63.902,2024-06-11T08:16:00.938Z,,
67df45b1c1cf68c4cbfe4f9d,11787,661f9fc5d203ce0014bbdfe9,1,601adcb1a8ba4141042532c2,63722d1ffaf87162cc48fe46,12091099,588374,616716,,,2024-06-04T12:20:29.716Z,2024-06-04T14:38:30.494Z,665f068dbd287700126c4e65,6622834ad203ce0014bc1363,28.342,2024-06-11T08:16:00.942Z,,
67df45b1c1cf68c4cbfe4f9e,11788,662640f0d203ce0014bc5318,1,601adcb1a8ba4141042532c2,63722d1ffaf87162cc48fe46,12091099,1258507,1299676,,,2024-06-04T13:32:20.443Z,2024-06-04T19:13:55.880Z,665f1764bd287700126c4fdf,6622834ad203ce0014bc1363,41.169,2024-06-11T08:16:00.944Z,,
67df45b1c1cf68c4cbfe4f9f,11791,63f7a0792bb4b7001231f198,1,601adcb1a8ba4141042532c2,63722d1ffaf87162cc48fe46,969791F0,3650777,3680339,3.55,3.55,2024-06-05T07:46:22.383Z,2024-06-05T10:29:07.518Z,666017cebd287700126c6275,63722d80131fbc00123e2706,29.562,2024-06-11T08:16:00.951Z,,
67df45b1c1cf68c4cbfe4fa0,11792,662281dbd203ce0014bc134a,1,601adcb1a8ba4141042532c2,63722d1ffaf87162cc48fe46,12091099,50829,130827,,,2024-06-05T07:54:21.073Z,2024-06-05T11:29:51.774Z,666019adbd287700126c627f,6622834ad203ce0014bc1363,79.998,2024-06-11T08:16:00.953Z,,
67df45b1c1cf68c4cbfe4fa1,11793,63a3275a652e600012b78b67,1,601adcb1a8ba4141042532c2,63722d1ffaf87162cc48fe46,969791F0,0,717,0.086,0.086,2024-06-05T10:32:20.290Z,2024-06-05T10:38:47.000Z,66603eb4bd287700126c65b9,63722d80131fbc00123e2706,0.717,2024-06-05T10:38:42.705Z,2024-06-05T10:38:42.705Z,2024-06-05T10:38:42.705Z
67df45b1c1cf68c4cbfe4fa2,11794,661e9b4ed203ce0014bbce16,1,601adcb1a8ba4141042532c2,63722d1ffaf87162cc48fe46,12091999,411,4554,,,2024-06-05T10:39:20.937Z,2024-06-05T11:31:21.532Z,66604058bd287700126c65cb,5f92f8a6aaafd5300493b6d0,4.143,2024-06-11T08:16:00.957Z,,
67df45b1c1cf68c4cbfe4fa3,11795,63f7a0792bb4b7001231f198,1,601adcb1a8ba4141042532c2,63722d1ffaf87162cc48fe46,F51F555D,3680339,3680352,,,2024-06-06T08:38:29.418Z,2024-06-06T08:38:55.276Z,66617585bd287700126c7702,6453b82f82ea136b9458e454,0.013,2024-06-11T08:16:00.962Z,,
67df45b1c1cf68c4cbfe4fa4,11798,661f9fc5d203ce0014bbdfe9,1,601adcb1a8ba4141042532c2,63722d1ffaf87162cc48fe46,12091099,616716,779876,,,2024-06-07T08:07:39.192Z,2024-06-07T19:18:13.581Z,6662bfcbbd287700126c8e8f,6622834ad203ce0014bc1363,163.16,2024-06-11T08:16:00.969Z,,
67df45b1c1cf68c4cbfe4fa5,11808,661f9fc5d203ce0014bbdfe9,1,601adcb1a8ba4141042532c2,63722d1ffaf87162cc48fe46,12091099,779876,791080,,,2024-06-11T13:20:49.159Z,2024-06-11T14:11:18.120Z,66684f3131defb0012cd9283,6622834ad203ce0014bc1363,11.204,2024-07-10T11:02:34.775Z,,
67df45b1c1cf68c4cbfe4fa6,11809,661f9fc5d203ce0014bbdfe9,1,601adcb1a8ba4141042532c2,63722d1ffaf87162cc48fe46,12091099,791080,795691,,,2024-06-11T14:11:20.619Z,2024-06-11T14:32:44.419Z,66685b0831defb0012cd938c,6622834ad203ce0014bc1363,4.611,2024-07-10T11:02:34.778Z,,
67df45b1c1cf68c4cbfe4fa7,11811,661f9fc5d203ce0014bbdfe9,1,601adcb1a8ba4141042532c2,63722d1ffaf87162cc48fe46,12091099,795691,806945,,,2024-06-12T13:30:44.202Z,2024-06-12T14:20:25.846Z,6669a30431defb0012cdaac3,6622834ad203ce0014bc1363,11.254,2024-07-10T11:02:34.783Z,,
67df45b1c1cf68c4cbfe4fa8,11812,661f9fc5d203ce0014bbdfe9,1,601adcb1a8ba4141042532c2,63722d1ffaf87162cc48fe46,12091099,806945,830555,,,2024-06-12T14:21:13.840Z,2024-06-12T16:41:02.316Z,6669aed931defb0012cdab51,6622834ad203ce0014bc1363,23.61,2024-07-10T11:02:34.786Z,,
67df45b1c1cf68c4cbfe4fa9,11813,661e9b4ed203ce0014bbce16,1,601adcb1a8ba4141042532c2,63722d1ffaf87162cc48fe46,12091999,4554,7018,,,2024-06-12T17:59:11.157Z,2024-06-12T19:31:55.955Z,6669e1ef31defb0012cdaec4,5f92f8a6aaafd5300493b6d0,2.464,2024-07-10T11:02:34.788Z,,
67df45b1c1cf68c4cbfe4faa,11814,63f7a0792bb4b7001231f198,1,601adcb1a8ba4141042532c2,63722d1ffaf87162cc48fe46,969791F0,3680352,3710369,3.047,3.047,2024-06-13T07:57:21.564Z,2024-06-13T12:12:17.556Z,666aa66131defb0012cdbc71,63722d80131fbc00123e2706,30.017,2024-07-10T11:02:34.790Z,,
67df45b1c1cf68c4cbfe4fab,11815,662640f0d203ce0014bc5318,1,601adcb1a8ba4141042532c2,63722d1ffaf87162cc48fe46,12091099,1299676,1345574,,,2024-06-13T13:24:06.041Z,2024-06-13T19:44:27.199Z,666af2f631defb0012cdc220,6622834ad203ce0014bc1363,45.898,2024-07-10T11:02:34.793Z,,
67df45b1c1cf68c4cbfe4fac,11817,661e9b4ed203ce0014bbce16,1,601adcb1a8ba4141042532c2,63722d1ffaf87162cc48fe46,12091999,7018,12639,,,2024-06-14T11:03:24.442Z,2024-06-14T13:33:10.013Z,666c237c31defb0012cdd7c4,5f92f8a6aaafd5300493b6d0,5.621,2024-07-10T11:02:34.798Z,,
67df45b1c1cf68c4cbfe4fad,11818,661e9b4ed203ce0014bbce16,1,601adcb1a8ba4141042532c2,63722d1ffaf87162cc48fe46,12091999,12639,16649,,,2024-06-14T15:33:17.383Z,2024-06-14T16:26:31.040Z,666c62bd31defb0012cddc2e,5f92f8a6aaafd5300493b6d0,4.01,2024-07-10T11:02:34.800Z,,
67df45b1c1cf68c4cbfe4fae,11828,63f7a0792bb4b7001231f198,1,601adcb1a8ba4141042532c2,63722d1ffaf87162cc48fe46,4D879074,3710369,3744477,3.462,3.462,2024-06-17T08:28:15.206Z,2024-06-17T11:50:35.242Z,666ff39f31defb0012ce1ed3,66266bdad203ce0014bc5658,34.108,2024-07-10T11:02:34.825Z,,
67df45b1c1cf68c4cbfe4faf,11829,63f7a0792bb4b7001231f198,1,601adcb1a8ba4141042532c2,63722d1ffaf87162cc48fe46,B5485549,3744478,3747154,0.272,0.272,2024-06-17T14:25:39.770Z,2024-06-17T18:17:46.400Z,6670476331defb0012ce2512,643d70b933af02001273760d,2.676,2024-07-10T11:02:34.827Z,,
67df45b1c1cf68c4cbfe4fb0,11833,63f7a0792bb4b7001231f198,1,601adcb1a8ba4141042532c2,63722d1ffaf87162cc48fe46,969791F0,3747154,3782318,4.223,4.223,2024-06-18T08:21:18.398Z,2024-06-18T11:13:01.309Z,6671437e31defb0012ce3796,63722d80131fbc00123e2706,35.164,2024-07-10T11:02:34.837Z,,
67df45b1c1cf68c4cbfe4fb1,11837,662640f0d203ce0014bc5318,1,601adcb1a8ba4141042532c2,63722d1ffaf87162cc48fe46,12091099,1345574,1376162,,,2024-06-19T13:23:49.986Z,2024-06-19T17:34:42.619Z,6672dbe531defb0012ce54a9,6622834ad203ce0014bc1363,30.588,2024-07-10T11:02:34.847Z,,
67df45b1c1cf68c4cbfe4fb2,11841,662281dbd203ce0014bc134a,1,601adcb1a8ba4141042532c2,63722d1ffaf87162cc48fe46,12091099,130827,205134,,,2024-06-20T07:29:20.457Z,2024-06-20T12:53:03.162Z,6673da5031defb0012ce6828,6622834ad203ce0014bc1363,74.307,2024-07-10T11:02:34.858Z,,
67df45b1c1cf68c4cbfe4fb3,11842,661e9b4ed203ce0014bbce16,1,601adcb1a8ba4141042532c2,63722d1ffaf87162cc48fe46,12091999,16649,17207,,,2024-06-20T13:00:50.695Z,2024-06-20T13:08:36.202Z,6674280231defb0012ce6e0e,5f92f8a6aaafd5300493b6d0,0.558,2024-07-10T11:02:34.860Z,,
67df45b1c1cf68c4cbfe4fb4,11843,661e9b4ed203ce0014bbce16,1,601adcb1a8ba4141042532c2,63722d1ffaf87162cc48fe46,12091999,17207,24024,,,2024-06-20T14:17:43.253Z,2024-06-20T15:50:50.171Z,66743a0731defb0012ce6f22,5f92f8a6aaafd5300493b6d0,6.817,2024-07-10T11:02:34.863Z,,
67df45b1c1cf68c4cbfe4fb5,11850,63f7a0792bb4b7001231f198,1,601adcb1a8ba4141042532c2,63722d1ffaf87162cc48fe46,F51F555D,3782319,3782331,,,2024-06-24T13:33:43.746Z,2024-06-24T13:34:02.768Z,667975b731defb0012cece91,6453b82f82ea136b9458e454,0.012,2024-07-10T11:02:34.880Z,,
67df45b1c1cf68c4cbfe4fb6,11852,662281dbd203ce0014bc134a,1,601adcb1a8ba4141042532c2,63722d1ffaf87162cc48fe46,12091099,205134,308746,,,2024-06-26T07:50:45.843Z,2024-06-26T12:50:21.003Z,667bc85531defb0012cef7dc,6622834ad203ce0014bc1363,103.612,2024-07-10T11:02:34.885Z,,
67df45b1c1cf68c4cbfe4fb7,11853,63f7a0792bb4b7001231f198,1,601adcb1a8ba4141042532c2,63722d1ffaf87162cc48fe46,969791F0,3782331,3815418,3.358,3.358,2024-06-26T07:58:41.490Z,2024-06-26T12:01:05.430Z,667bca3131defb0012cef7e7,63722d80131fbc00123e2706,33.087,2024-07-10T11:02:34.887Z,,
67df45b1c1cf68c4cbfe4fb8,11854,661e9b4ed203ce0014bbce16,1,601adcb1a8ba4141042532c2,63722d1ffaf87162cc48fe46,12091999,24024,30390,,,2024-06-26T15:16:26.807Z,2024-06-26T18:02:48.124Z,667c30ca31defb0012ceff95,5f92f8a6aaafd5300493b6d0,6.366,2024-07-10T11:02:34.889Z,,
67df45b1c1cf68c4cbfe4fb9,11857,661e9b4ed203ce0014bbce16,1,601adcb1a8ba4141042532c2,63722d1ffaf87162cc48fe46,12091999,30390,41723,,,2024-06-27T12:30:41.835Z,2024-06-27T16:07:33.656Z,667d5b7131defb0012cf154b,5f92f8a6aaafd5300493b6d0,11.333,2024-07-10T11:02:34.896Z,,
67df45b1c1cf68c4cbfe4fba,11859,63f7a0792bb4b7001231f198,1,601adcb1a8ba4141042532c2,63722d1ffaf87162cc48fe46,B5485549,3815418,3818786,0.342,0.342,2024-06-28T10:15:34.789Z,2024-06-28T11:56:47.896Z,667e8d4631defb0012cf2a8c,643d70b933af02001273760d,3.368,2024-07-10T11:02:34.901Z,,
67df45b1c1cf68c4cbfe4fbb,11868,63f7a0792bb4b7001231f198,1,601adcb1a8ba4141042532c2,63722d1ffaf87162cc48fe46,969791F0,3818786,3851250,3.295,3.295,2024-07-02T08:17:35.008Z,2024-07-02T11:37:51.085Z,6683b79f31defb0012cf8998,63722d80131fbc00123e2706,32.464,2024-07-10T11:02:34.923Z,,
67df45b1c1cf68c4cbfe4fbc,11869,63f7a0792bb4b7001231f198,1,601adcb1a8ba4141042532c2,63722d1ffaf87162cc48fe46,130FE2AD,3851250,3854631,0.343,0.343,2024-07-02T14:21:56.602Z,2024-07-02T18:28:41.315Z,66840d0431defb0012cf8fcf,643d70b933af02001273760d,3.381,2024-07-10T11:02:34.926Z,,
67df45b1c1cf68c4cbfe4fbd,11872,63f7a0792bb4b7001231f198,1,601adcb1a8ba4141042532c2,63722d1ffaf87162cc48fe46,15D6985D,3854631,3862894,0.839,0.839,2024-07-03T11:20:04.489Z,2024-07-03T13:42:23.542Z,668533e431defb0012cfa527,665716d3bd287700126b918d,8.263,2024-07-10T11:02:34.933Z,,
67df45b1c1cf68c4cbfe4fbe,11873,63f7a0792bb4b7001231f198,1,601adcb1a8ba4141042532c2,63722d1ffaf87162cc48fe46,B5485549,3862894,3867785,0.496,0.496,2024-07-03T15:23:34.664Z,2024-07-03T17:48:50.311Z,66856cf631defb0012cfa961,643d70b933af02001273760d,4.891,2024-07-10T11:02:34.935Z,,
67df45b1c1cf68c4cbfe4fbf,11876,662640f0d203ce0014bc5318,1,601adcb1a8ba4141042532c2,63722d1ffaf87162cc48fe46,12091099,1376162,1393487,,,2024-07-04T14:22:16.529Z,2024-07-04T16:47:59.458Z,6686b01831defb0012cfc0d3,6622834ad203ce0014bc1363,17.325,2024-07-10T11:02:34.943Z,,
67df45b1c1cf68c4cbfe4fc0,11877,63f7a0792bb4b7001231f198,1,601adcb1a8ba4141042532c2,63722d1ffaf87162cc48fe46,4D0D9174,3867785,3906773,3.957,3.957,2024-07-05T14:15:12.911Z,2024-07-05T18:25:25.255Z,6687fff031defb0012cfd85c,64538b2e59cf6600123af26a,38.988,2024-07-10T11:02:34.945Z,,
67df45b1c1cf68c4cbfe4fc1,11878,661f9fc5d203ce0014bbdfe9,1,601adcb1a8ba4141042532c2,63722d1ffaf87162cc48fe46,12091099,830555,852070,,,2024-07-05T14:49:32.245Z,2024-07-05T16:45:10.089Z,668807fc31defb0012cfd8ed,6622834ad203ce0014bc1363,21.515,2024-07-10T11:02:34.947Z,,
67df45b1c1cf68c4cbfe4fc2,11879,662281dbd203ce0014bc134a,1,601adcb1a8ba4141042532c2,63722d1ffaf87162cc48fe46,12091099,308746,342518,,,2024-07-05T16:28:56.861Z,2024-07-05T18:58:56.276Z,66881f4831defb0012cfda9e,6622834ad203ce0014bc1363,33.772,2024-07-10T11:02:34.950Z,,
67df45b1c1cf68c4cbfe4fc3,11883,63f7a0792bb4b7001231f198,1,601adcb1a8ba4141042532c2,63722d1ffaf87162cc48fe46,B5485549,3906773,3909320,0.259,0.259,2024-07-08T14:15:07.890Z,2024-07-08T18:57:56.635Z,668bf46b31defb0012d01fcb,643d70b933af02001273760d,2.547,2024-07-10T11:02:34.959Z,,
67df45b1c1cf68c4cbfe4fc4,11884,63a3275a652e600012b78b67,1,601adcb1a8ba4141042532c2,63722d1ffaf87162cc48fe46,B5485549,0,10939,1.11,1.11,2024-07-09T16:28:25.339Z,2024-07-09T19:06:25.301Z,668d652931defb0012d0390e,643d70b933af02001273760d,10.939,2024-07-09T19:06:20.344Z,2024-07-09T19:06:20.344Z,2024-07-09T19:06:20.344Z
67df45b1c1cf68c4cbfe4fc5,11885,662281dbd203ce0014bc134a,1,601adcb1a8ba4141042532c2,63722d1ffaf87162cc48fe46,12091099,342518,443629,,,2024-07-10T08:04:00.516Z,2024-07-10T12:37:25.534Z,668e407031defb0012d048ec,6622834ad203ce0014bc1363,101.111,2024-07-31T13:54:18.551Z,,
67df45b1c1cf68c4cbfe4fc6,11887,63f7a0792bb4b7001231f198,1,601adcb1a8ba4141042532c2,63722d1ffaf87162cc48fe46,4D0D9174,3909320,3951629,4.294,4.294,2024-07-12T08:37:14.163Z,2024-07-12T17:53:14.594Z,6690eb3a94aa570013bab949,64538b2e59cf6600123af26a,42.309,2024-07-31T13:54:18.556Z,,
67df45b1c1cf68c4cbfe4fc7,11890,661f9fc5d203ce0014bbdfe9,1,601adcb1a8ba4141042532c2,63722d1ffaf87162cc48fe46,12091099,852070,856679,,,2024-07-13T13:48:41.122Z,2024-07-13T14:12:58.572Z,669285b994aa570013bad762,6622834ad203ce0014bc1363,4.609,2024-07-31T13:54:18.563Z,,
67df45b1c1cf68c4cbfe4fc8,11892,661e9b4ed203ce0014bbce16,1,601adcb1a8ba4141042532c2,63722d1ffaf87162cc48fe46,12091999,41723,49182,,,2024-07-15T17:12:51.954Z,2024-07-15T19:18:42.482Z,6695589394aa570013bb09a5,5f92f8a6aaafd5300493b6d0,7.459,2024-07-31T13:54:18.568Z,,
67df45b1c1cf68c4cbfe4fc9,11893,662281dbd203ce0014bc134a,1,601adcb1a8ba4141042532c2,63722d1ffaf87162cc48fe46,12091099,443629,448642,,,2024-07-16T10:31:32.712Z,2024-07-16T10:53:46.649Z,66964c0494aa570013bb1b87,6622834ad203ce0014bc1363,5.013,2024-07-31T13:54:18.571Z,,
67df45b1c1cf68c4cbfe4fca,11894,662281dbd203ce0014bc134a,1,601adcb1a8ba4141042532c2,63722d1ffaf87162cc48fe46,12091099,448642,461571,,,2024-07-16T12:53:40.221Z,2024-07-16T13:50:08.082Z,66966d5494aa570013bb1d8b,6622834ad203ce0014bc1363,12.929,2024-07-31T13:54:18.573Z,,
67df45b1c1cf68c4cbfe4fcb,11895,661f9fc5d203ce0014bbdfe9,1,601adcb1a8ba4141042532c2,63722d1ffaf87162cc48fe46,12091099,856679,881319,,,2024-07-16T16:50:03.256Z,2024-07-16T18:55:06.135Z,6696a4bb94aa570013bb2186,6622834ad203ce0014bc1363,24.64,2024-07-31T13:54:18.575Z,,
67df45b1c1cf68c4cbfe4fcc,11897,63f7a0792bb4b7001231f198,1,601adcb1a8ba4141042532c2,63722d1ffaf87162cc48fe46,4D0D9174,3951629,3986275,3.517,3.517,2024-07-17T08:33:06.078Z,2024-07-17T16:50:30.653Z,669781c294aa570013bb3166,64538b2e59cf6600123af26a,34.646,2024-07-31T13:54:18.580Z,,
67df45b1c1cf68c4cbfe4fcd,11900,661e9b4ed203ce0014bbce16,1,601adcb1a8ba4141042532c2,63722d1ffaf87162cc48fe46,12091999,49182,56431,,,2024-07-17T19:10:24.915Z,2024-07-17T20:46:20.443Z,6698172094aa570013bb3c51,5f92f8a6aaafd5300493b6d0,7.249,2024-07-31T13:54:18.587Z,,
67df45b1c1cf68c4cbfe4fce,11901,662281dbd203ce0014bc134a,1,601adcb1a8ba4141042532c2,63722d1ffaf87162cc48fe46,12091099,461571,569468,,,2024-07-18T11:29:53.919Z,2024-07-18T16:21:00.979Z,6698fcb194aa570013bb4cab,6622834ad203ce0014bc1363,107.897,2024-07-31T13:54:18.590Z,,
67df45b1c1cf68c4cbfe4fcf,11902,661e9b4ed203ce0014bbce16,1,601adcb1a8ba4141042532c2,63722d1ffaf87162cc48fe46,12091999,56431,64211,,,2024-07-18T12:02:49.943Z,2024-07-18T13:45:37.625Z,6699046994aa570013bb4dba,5f92f8a6aaafd5300493b6d0,7.78,2024-07-31T13:54:18.592Z,,
67df45b1c1cf68c4cbfe4fd0,11905,63f7a0792bb4b7001231f198,1,601adcb1a8ba4141042532c2,63722d1ffaf87162cc48fe46,4D0D9174,3986275,3995687,0.955,0.955,2024-07-19T08:11:35.450Z,2024-07-19T16:02:37.409Z,669a1fb794aa570013bb61f5,64538b2e59cf6600123af26a,9.412,2024-07-31T13:54:18.599Z,,
67df45b1c1cf68c4cbfe4fd1,11906,662281dbd203ce0014bc134a,1,601adcb1a8ba4141042532c2,63722d1ffaf87162cc48fe46,12091099,569468,599991,,,2024-07-19T15:26:25.833Z,2024-07-19T19:40:36.719Z,669a85a194aa570013bb68f2,6622834ad203ce0014bc1363,30.523,2024-07-31T13:54:18.601Z,,
67df45b1c1cf68c4cbfe4fd2,11907,661e9b4ed203ce0014bbce16,1,601adcb1a8ba4141042532c2,63722d1ffaf87162cc48fe46,12091999,64211,65941,,,2024-07-19T23:12:23.718Z,2024-07-19T23:35:41.505Z,669af2d794aa570013bb70d2,5f92f8a6aaafd5300493b6d0,1.73,2024-07-31T13:54:18.604Z,,
67df45b1c1cf68c4cbfe4fd3,11910,661f9fc5d203ce0014bbdfe9,1,601adcb1a8ba4141042532c2,63722d1ffaf87162cc48fe46,12091099,881319,899006,,,2024-07-22T10:56:02.991Z,2024-07-22T12:14:05.756Z,669e3ac394aa570013bbaba3,6622834ad203ce0014bc1363,17.687,2024-07-31T13:54:18.615Z,,
67df45b1c1cf68c4cbfe4fd4,11911,661f9fc5d203ce0014bbdfe9,1,601adcb1a8ba4141042532c2,63722d1ffaf87162cc48fe46,12091099,899006,917891,,,2024-07-22T12:51:17.669Z,2024-07-22T17:14:34.511Z,669e55c594aa570013bbada3,6622834ad203ce0014bc1363,18.885,2024-07-31T13:54:18.617Z,,
67df45b1c1cf68c4cbfe4fd5,11913,662281dbd203ce0014bc134a,1,601adcb1a8ba4141042532c2,63722d1ffaf87162cc48fe46,12091099,599991,,0,0,2024-07-23T07:54:06.012Z,,669f619e94aa570013bbc0f6,6622834ad203ce0014bc1363,,,,
67df45b1c1cf68c4cbfe4fd6,11914,63f7a0792bb4b7001231f198,1,601adcb1a8ba4141042532c2,63722d1ffaf87162cc48fe46,4D0D9174,3995687,4065473,7.083,7.083,2024-07-23T08:00:50.215Z,2024-07-23T16:18:50.894Z,669f633294aa570013bbc182,64538b2e59cf6600123af26a,69.786,2024-07-31T13:54:18.622Z,,
67df45b1c1cf68c4cbfe4fd7,11915,661f9fc5d203ce0014bbdfe9,1,601adcb1a8ba4141042532c2,63722d1ffaf87162cc48fe46,12091099,917891,937242,,,2024-07-23T09:25:50.999Z,2024-07-23T11:44:14.766Z,669f771f94aa570013bbc2a8,6622834ad203ce0014bc1363,19.351,2024-07-31T13:54:18.625Z,,
67df45b1c1cf68c4cbfe4fd8,11916,661f9fc5d203ce0014bbdfe9,1,601adcb1a8ba4141042532c2,63722d1ffaf87162cc48fe46,12091099,937242,954535,,,2024-07-23T13:44:13.987Z,2024-07-23T16:48:55.915Z,669fb3ae94aa570013bbc78c,6622834ad203ce0014bc1363,17.293,2024-07-31T13:54:18.627Z,,
67df45b1c1cf68c4cbfe4fd9,11918,63f7a0792bb4b7001231f198,1,601adcb1a8ba4141042532c2,63722d1ffaf87162cc48fe46,969791F0,4065473,4076325,1.101,1.101,2024-07-24T08:13:15.300Z,2024-07-24T11:42:35.568Z,66a0b79b94aa570013bbda1b,63722d80131fbc00123e2706,10.852,2024-07-31T13:54:18.632Z,,
67df45b1c1cf68c4cbfe4fda,11919,63f7a0792bb4b7001231f198,1,601adcb1a8ba4141042532c2,63722d1ffaf87162cc48fe46,969791F0,4076325,4080553,0.429,0.429,2024-07-24T14:57:03.874Z,2024-07-24T16:45:38.484Z,66a1163f94aa570013bbe091,63722d80131fbc00123e2706,4.228,2024-07-31T13:54:18.634Z,,
67df45b1c1cf68c4cbfe4fdb,11921,661f9fc5d203ce0014bbdfe9,1,601adcb1a8ba4141042532c2,63722d1ffaf87162cc48fe46,12091099,973672,1116894,,,2024-07-31T13:53:52.216Z,2024-07-31T13:53:53.540Z,66aa41f0857015001297979b,6622834ad203ce0014bc1363,143.222,2024-09-30T15:45:05.840Z,,
67df45b1c1cf68c4cbfe4fdc,11922,662640f0d203ce0014bc5318,1,601adcb1a8ba4141042532c2,63722d1ffaf87162cc48fe46,12091099,1393487,1415471,,,2024-07-31T13:53:54.057Z,2024-07-31T13:53:55.339Z,66aa41f285701500129797a4,6622834ad203ce0014bc1363,21.984,2024-09-30T15:45:05.926Z,,
67df45b1c1cf68c4cbfe4fdd,11928,63f7a0792bb4b7001231f198,1,601adcb1a8ba4141042532c2,63722d1ffaf87162cc48fe46,F51F555D,4080553,4080569,,,2024-07-31T14:02:18.289Z,2024-07-31T14:02:18.587Z,66aa43ea85701500129798b7,6453b82f82ea136b9458e454,0.016,2024-09-30T15:45:06.442Z,,
67df45b1c1cf68c4cbfe4fde,11929,63f7a0792bb4b7001231f198,1,601adcb1a8ba4141042532c2,63722d1ffaf87162cc48fe46,B5485549,4080569,4082741,,,2024-07-31T14:02:18.940Z,2024-07-31T14:02:19.162Z,66aa43ea85701500129798c2,643d70b933af02001273760d,2.172,2024-09-30T15:45:06.528Z,,
67df45b1c1cf68c4cbfe4fdf,11933,63f7a0792bb4b7001231f198,1,601adcb1a8ba4141042532c2,63722d1ffaf87162cc48fe46,04106B82E61690,4082741,4099813,1.733,1.733,2024-07-31T14:02:41.456Z,2024-07-31T16:57:42.741Z,66aa440185701500129798d8,63722d80131fbc00123e2706,17.072,2024-09-30T15:45:06.784Z,,
67df45b1c1cf68c4cbfe4fe0,11936,662640f0d203ce0014bc5318,1,601adcb1a8ba4141042532c2,63722d1ffaf87162cc48fe46,12091099,1415471,1433365,,,2024-08-01T15:31:10.864Z,2024-08-01T19:01:16.211Z,66abaa3e857015001297b2b2,6622834ad203ce0014bc1363,17.894,2024-09-30T15:45:07.040Z,,
67df45b1c1cf68c4cbfe4fe1,11938,63f7a0792bb4b7001231f198,1,601adcb1a8ba4141042532c2,63722d1ffaf87162cc48fe46,969791F0,4099813,4112011,1.465,1.465,2024-08-02T09:20:32.061Z,2024-08-02T10:46:57.384Z,66aca4e0857015001297c420,63722d80131fbc00123e2706,12.198,2024-09-30T15:45:07.208Z,,
67df45b1c1cf68c4cbfe4fe2,11949,63f7a0792bb4b7001231f198,1,601adcb1a8ba4141042532c2,63722d1ffaf87162cc48fe46,969791F0,4112011,4125393,1.607,1.607,2024-08-09T07:56:37.619Z,2024-08-09T10:03:57.263Z,66b5cbb58570150012986b73,63722d80131fbc00123e2706,13.382,2024-09-30T15:45:08.150Z,,
67df45b1c1cf68c4cbfe4fe3,11950,63f7a0792bb4b7001231f198,1,601adcb1a8ba4141042532c2,63722d1ffaf87162cc48fe46,969791F0,4125393,4128581,0.324,0.324,2024-08-09T10:58:43.534Z,2024-08-09T12:15:15.585Z,66b5f6638570150012986e90,63722d80131fbc00123e2706,3.188,2024-09-30T15:45:08.235Z,,
67df45b1c1cf68c4cbfe4fe4,11957,63f7a0792bb4b7001231f198,1,601adcb1a8ba4141042532c2,63722d1ffaf87162cc48fe46,969791F0,4128581,4162084,3.401,3.401,2024-08-19T08:30:17.163Z,2024-08-19T12:11:26.680Z,66c302998570150012995dd8,63722d80131fbc00123e2706,33.503,2024-09-30T15:45:08.828Z,,
67df45b1c1cf68c4cbfe4fe5,11958,662640f0d203ce0014bc5318,1,601adcb1a8ba4141042532c2,63722d1ffaf87162cc48fe46,12091099,1433365,1473045,,,2024-08-19T13:50:44.261Z,2024-08-19T19:17:20.801Z,66c34db48570150012996314,6622834ad203ce0014bc1363,39.68,2024-09-30T15:45:08.912Z,,
67df45b1c1cf68c4cbfe4fe6,11960,661f9fc5d203ce0014bbdfe9,1,601adcb1a8ba4141042532c2,63722d1ffaf87162cc48fe46,12091099,1116894,1186623,,,2024-08-23T08:14:22.514Z,2024-08-23T11:22:45.018Z,66c844de857015001299bb89,6622834ad203ce0014bc1363,69.729,2024-09-30T15:45:09.086Z,,
67df45b1c1cf68c4cbfe4fe7,11962,63f7a0792bb4b7001231f198,1,601adcb1a8ba4141042532c2,63722d1ffaf87162cc48fe46,969791F0,4162084,4167098,0.509,0.509,2024-08-23T16:58:08.849Z,2024-08-23T17:26:07.254Z,66c8bfa0857015001299c3e4,63722d80131fbc00123e2706,5.014,2024-09-30T15:45:09.258Z,,
67df45b1c1cf68c4cbfe4fe8,11965,662640f0d203ce0014bc5318,1,601adcb1a8ba4141042532c2,63722d1ffaf87162cc48fe46,12091099,1473045,1481067,,,2024-08-25T17:39:19.164Z,2024-08-25T18:50:37.884Z,66cb6c47857015001299f515,6622834ad203ce0014bc1363,8.022,2024-09-30T15:45:09.512Z,,
67df45b1c1cf68c4cbfe4fe9,11969,63f7a0792bb4b7001231f198,1,601adcb1a8ba4141042532c2,63722d1ffaf87162cc48fe46,969791F0,4167098,4168187,0.131,0.131,2024-08-28T08:34:37.810Z,2024-08-28T08:41:03.980Z,66cee11d85701500129a342d,63722d80131fbc00123e2706,1.089,2024-09-30T15:45:09.854Z,,
67df45b1c1cf68c4cbfe4fea,11980,63f7a0792bb4b7001231f198,1,601adcb1a8ba4141042532c2,63722d1ffaf87162cc48fe46,55865549,4168187,4187780,1.989,1.989,2024-09-02T08:53:40.683Z,2024-09-02T14:44:42.614Z,66d57d1485701500129aad29,6474a5e94c3f470012aeec9b,19.593,2024-09-30T15:45:10.780Z,,
67df45b1c1cf68c4cbfe4feb,11981,63f7a0792bb4b7001231f198,1,601adcb1a8ba4141042532c2,63722d1ffaf87162cc48fe46,4D0D9174,4187780,4235151,4.808,4.808,2024-09-03T07:48:49.719Z,2024-09-03T19:19:58.548Z,66d6bf6185701500129ac422,64538b2e59cf6600123af26a,47.371,2024-09-30T15:45:10.866Z,,
67df45b1c1cf68c4cbfe4fec,11985,63f7a0792bb4b7001231f198,1,601adcb1a8ba4141042532c2,63722d1ffaf87162cc48fe46,25E45549,4235151,4244128,1.078,1.078,2024-09-05T08:22:54.640Z,2024-09-05T11:01:02.091Z,66d96a5e85701500129af566,6474a5e94c3f470012aeec9b,8.977,2024-09-30T15:45:11.206Z,,
67df45b1c1cf68c4cbfe4fed,11986,63f7a0792bb4b7001231f198,1,601adcb1a8ba4141042532c2,63722d1ffaf87162cc48fe46,25E45549,4244128,4264561,2.074,2.074,2024-09-05T11:57:52.864Z,2024-09-05T18:09:27.560Z,66d99cc085701500129af916,6474a5e94c3f470012aeec9b,20.433,2024-09-30T15:45:11.290Z,,
67df45b1c1cf68c4cbfe4fee,11990,63f7a0792bb4b7001231f198,1,601adcb1a8ba4141042532c2,63722d1ffaf87162cc48fe46,969791F0,4264561,4296903,3.283,3.283,2024-09-06T08:17:18.662Z,2024-09-06T11:42:19.541Z,66daba8e85701500129b0e64,63722d80131fbc00123e2706,32.342,2024-09-30T15:45:11.628Z,,
67df45b1c1cf68c4cbfe4fef,11994,63f7a0792bb4b7001231f198,1,601adcb1a8ba4141042532c2,63722d1ffaf87162cc48fe46,25E45549,4296903,4311860,1.796,1.796,2024-09-09T07:49:42.107Z,2024-10-01T09:06:52.099Z,66dea89685701500129b55a3,6474a5e94c3f470012aeec9b,14.957,2024-10-01T10:07:49.646Z,,
67df45b1c1cf68c4cbfe4ff0,11995,661e9b4ed203ce0014bbce16,1,601adcb1a8ba4141042532c2,63722d1ffaf87162cc48fe46,12091999,81913,87619,,,2024-09-11T21:17:40.824Z,2024-09-11T21:17:42.136Z,66e208f485701500129b5746,5f92f8a6aaafd5300493b6d0,5.706,2024-09-30T15:45:11.966Z,,
67df45b1c1cf68c4cbfe4ff1,12000,661f9fc5d203ce0014bbdfe9,1,601adcb1a8ba4141042532c2,63722d1ffaf87162cc48fe46,12091099,1186623,1213515,,,2024-09-13T08:20:59.823Z,2024-09-13T11:46:44.489Z,66e3f5eb85701500129b7a6a,6622834ad203ce0014bc1363,26.892,2024-09-30T15:45:12.392Z,,
67df45b1c1cf68c4cbfe4ff2,12001,661f9fc5d203ce0014bbdfe9,1,601adcb1a8ba4141042532c2,63722d1ffaf87162cc48fe46,12091099,1213515,1225096,,,2024-09-13T12:32:39.692Z,2024-09-13T13:44:51.842Z,66e430e785701500129b7ed0,6622834ad203ce0014bc1363,11.581,2024-09-30T15:45:12.478Z,,
67df45b1c1cf68c4cbfe4ff3,12007,661f9fc5d203ce0014bbdfe9,1,601adcb1a8ba4141042532c2,63722d1ffaf87162cc48fe46,12091099,1225096,1247485,,,2024-09-16T13:47:47.283Z,2024-09-16T17:09:50.014Z,66e8370385701500129bc86d,6622834ad203ce0014bc1363,22.389,2024-09-30T15:45:12.988Z,,
67df45b1c1cf68c4cbfe4ff4,12010,661e9b4ed203ce0014bbce16,1,601adcb1a8ba4141042532c2,63722d1ffaf87162cc48fe46,12091999,87619,89154,,,2024-09-18T15:22:48.785Z,2024-09-18T15:43:26.493Z,66eaf04885701500129bf9cd,5f92f8a6aaafd5300493b6d0,1.535,2024-09-30T15:45:13.242Z,,
67df45b1c1cf68c4cbfe4ff5,12011,661e9b4ed203ce0014bbce16,1,601adcb1a8ba4141042532c2,63722d1ffaf87162cc48fe46,12091999,89154,95122,,,2024-09-18T16:07:53.522Z,2024-09-18T17:27:19.672Z,66eafad985701500129bfad3,5f92f8a6aaafd5300493b6d0,5.968,2024-09-30T15:45:13.326Z,,
67df45b1c1cf68c4cbfe4ff6,12013,661f9fc5d203ce0014bbdfe9,1,601adcb1a8ba4141042532c2,63722d1ffaf87162cc48fe46,12091099,1247485,1251693,,,2024-09-20T12:33:50.157Z,2024-09-20T14:05:29.954Z,66ed6bae85701500129c26cb,6622834ad203ce0014bc1363,4.208,2024-09-30T15:45:13.496Z,,
67df45b1c1cf68c4cbfe4ff7,12014,661e9b4ed203ce0014bbce16,1,601adcb1a8ba4141042532c2,63722d1ffaf87162cc48fe46,12091999,95122,97465,,,2024-09-20T12:36:42.784Z,2024-09-20T14:12:08.158Z,66ed6c5a85701500129c26d4,5f92f8a6aaafd5300493b6d0,2.343,2024-09-30T15:45:13.583Z,,
67df45b1c1cf68c4cbfe4ff8,12015,661e9b4ed203ce0014bbce16,1,601adcb1a8ba4141042532c2,63722d1ffaf87162cc48fe46,12091999,97465,100261,,,2024-09-20T15:03:49.401Z,2024-09-20T16:23:19.727Z,66ed8ed585701500129c295b,5f92f8a6aaafd5300493b6d0,2.796,2024-09-30T15:45:13.668Z,,
67df45b1c1cf68c4cbfe4ff9,12016,661e9b4ed203ce0014bbce16,1,601adcb1a8ba4141042532c2,63722d1ffaf87162cc48fe46,12091999,100261,103143,,,2024-09-20T17:41:32.317Z,2024-09-20T18:39:23.447Z,66edb3cc85701500129c2bd4,5f92f8a6aaafd5300493b6d0,2.882,2024-09-30T15:45:13.752Z,,
67df45b1c1cf68c4cbfe4ffa,12020,661f9fc5d203ce0014bbdfe9,1,601adcb1a8ba4141042532c2,63722d1ffaf87162cc48fe46,12091099,1251693,1280510,,,2024-09-23T08:14:38.894Z,2024-09-23T11:54:32.601Z,66f1236e85701500129c69f5,6622834ad203ce0014bc1363,28.817,2024-09-30T15:45:14.090Z,,
67df45b1c1cf68c4cbfe4ffb,12022,661e9b4ed203ce0014bbce16,1,601adcb1a8ba4141042532c2,63722d1ffaf87162cc48fe46,12091999,103143,108471,,,2024-09-24T12:23:32.013Z,2024-09-24T13:47:20.285Z,66f2af4485701500129c85a5,5f92f8a6aaafd5300493b6d0,5.328,2024-09-30T15:45:14.174Z,,
67df45b1c1cf68c4cbfe4ffc,12023,661f9fc5d203ce0014bbdfe9,1,601adcb1a8ba4141042532c2,63722d1ffaf87162cc48fe46,12091099,1280510,1293377,,,2024-09-25T10:02:44.555Z,2024-09-25T11:49:13.711Z,66f3dfc485701500129c9ade,6622834ad203ce0014bc1363,12.867,2024-09-30T15:45:14.258Z,,
67df45b1c1cf68c4cbfe4ffd,12024,661e9b4ed203ce0014bbce16,1,601adcb1a8ba4141042532c2,63722d1ffaf87162cc48fe46,12091999,108471,109526,,,2024-09-25T17:06:58.314Z,2024-09-25T17:22:03.386Z,66f4433285701500129ca1a8,5f92f8a6aaafd5300493b6d0,1.055,2024-09-30T15:45:14.342Z,,
67df45b1c1cf68c4cbfe4ffe,12027,661e9b4ed203ce0014bbce16,1,601adcb1a8ba4141042532c2,63722d1ffaf87162cc48fe46,12091999,109526,109994,,,2024-09-27T12:50:04.015Z,2024-09-27T12:56:36.383Z,66f6a9fc85701500129cccec,5f92f8a6aaafd5300493b6d0,0.468,2024-09-30T15:45:14.594Z,,
67df45b1c1cf68c4cbfe4fff,12028,662640f0d203ce0014bc5318,1,601adcb1a8ba4141042532c2,63722d1ffaf87162cc48fe46,12091099,1481067,1518471,,,2024-09-27T14:06:17.199Z,2024-09-27T19:24:41.250Z,66f6bbd985701500129cce6e,6622834ad203ce0014bc1363,37.404,2024-09-30T15:45:14.677Z,,
67df45b1c1cf68c4cbfe5000,12031,63f7a0792bb4b7001231f198,1,601adcb1a8ba4141042532c2,63722d1ffaf87162cc48fe46,25E45549,4311860,4311860,,,2024-10-01T09:06:52.508Z,2024-10-01T09:06:52.656Z,66fbbbac1bb8c00013c11853,6474a5e94c3f470012aeec9b,0,2024-10-01T10:07:52.825Z,,
67df45b1c1cf68c4cbfe5001,12032,661e9b4ed203ce0014bbce16,1,601adcb1a8ba4141042532c2,63722d1ffaf87162cc48fe46,12091999,109994,116032,,,2024-10-01T15:15:23.307Z,2024-10-01T16:35:16.940Z,66fc120b1bb8c00013c11e42,5f92f8a6aaafd5300493b6d0,6.038,2024-10-24T09:34:45.931Z,,
67df45b1c1cf68c4cbfe5002,12033,63f7a0792bb4b7001231f198,1,601adcb1a8ba4141042532c2,63722d1ffaf87162cc48fe46,25E45549,4530467,4530475,,,2024-10-01T15:57:31.188Z,2024-10-01T15:57:47.005Z,66fc1beb1bb8c00013c11ec3,6474a5e94c3f470012aeec9b,0.008,2024-10-24T09:34:45.933Z,,
67df45b1c1cf68c4cbfe5003,12034,63f7a0792bb4b7001231f198,1,601adcb1a8ba4141042532c2,63722d1ffaf87162cc48fe46,25E45549,4530475,4530475,,,2024-10-01T15:57:52.502Z,2024-10-01T15:57:58.937Z,66fc1c001bb8c00013c11ecd,6474a5e94c3f470012aeec9b,0,2024-10-24T09:34:45.935Z,,
67df45b1c1cf68c4cbfe5004,12035,661f9fc5d203ce0014bbdfe9,1,601adcb1a8ba4141042532c2,63722d1ffaf87162cc48fe46,12091099,1293377,1299460,,,2024-10-02T15:14:41.201Z,2024-10-02T15:42:09.390Z,66fd63611bb8c00013c13649,6622834ad203ce0014bc1363,6.083,2024-10-24T09:34:45.937Z,,
67df45b1c1cf68c4cbfe5005,12036,661e9b4ed203ce0014bbce16,1,601adcb1a8ba4141042532c2,63722d1ffaf87162cc48fe46,12091999,116032,120395,,,2024-10-02T16:12:06.182Z,2024-10-02T17:10:58.272Z,66fd70d61bb8c00013c1374d,5f92f8a6aaafd5300493b6d0,4.363,2024-10-24T09:34:45.939Z,,
67df45b1c1cf68c4cbfe5006,12038,661e9b4ed203ce0014bbce16,1,601adcb1a8ba4141042532c2,63722d1ffaf87162cc48fe46,12091999,120395,128093,,,2024-10-03T12:39:11.852Z,2024-10-03T15:44:42.124Z,66fe906f1bb8c00013c14b94,5f92f8a6aaafd5300493b6d0,7.698,2024-10-24T09:34:45.944Z,,
67df45b1c1cf68c4cbfe5007,12042,661e9b4ed203ce0014bbce16,1,601adcb1a8ba4141042532c2,63722d1ffaf87162cc48fe46,12091999,128093,135936,,,2024-10-08T16:47:36.954Z,2024-10-08T19:31:17.467Z,670562281bb8c00013c1c4c1,5f92f8a6aaafd5300493b6d0,7.843,2024-10-24T09:34:45.952Z,,
67df45b1c1cf68c4cbfe5008,12043,661e9b4ed203ce0014bbce16,1,601adcb1a8ba4141042532c2,63722d1ffaf87162cc48fe46,12091999,135936,139567,,,2024-10-09T14:54:16.466Z,2024-10-09T15:42:30.759Z,670699181bb8c00013c1da26,5f92f8a6aaafd5300493b6d0,3.631,2024-10-24T09:34:45.954Z,,
67df45b1c1cf68c4cbfe5009,12045,661e9b4ed203ce0014bbce16,1,601adcb1a8ba4141042532c2,63722d1ffaf87162cc48fe46,12091999,139567,145220,,,2024-10-11T15:09:35.854Z,2024-10-11T16:24:36.664Z,67093faf1bb8c00013c209a3,5f92f8a6aaafd5300493b6d0,5.653,2024-10-24T09:34:45.958Z,,
67df45b1c1cf68c4cbfe500a,12048,661f9fc5d203ce0014bbdfe9,1,601adcb1a8ba4141042532c2,63722d1ffaf87162cc48fe46,12091099,1299460,1323388,,,2024-10-14T08:04:32.283Z,2024-10-14T11:42:11.270Z,670cd0901bb8c00013c248fc,6622834ad203ce0014bc1363,23.928,2024-10-24T09:34:45.964Z,,
67df45b1c1cf68c4cbfe500b,12053,661e9b4ed203ce0014bbce16,1,601adcb1a8ba4141042532c2,63722d1ffaf87162cc48fe46,12091999,145220,151740,,,2024-10-21T14:51:51.941Z,2024-10-21T16:18:14.301Z,67166a871bb8c00013c2f273,5f92f8a6aaafd5300493b6d0,6.52,2024-10-24T09:34:45.974Z,,
67df45b1c1cf68c4cbfe500c,12054,661e9b4ed203ce0014bbce16,1,601adcb1a8ba4141042532c2,63722d1ffaf87162cc48fe46,12091999,151740,154856,,,2024-10-22T13:08:06.398Z,2024-10-22T13:49:47.446Z,6717a3b61bb8c00013c30826,5f92f8a6aaafd5300493b6d0,3.116,2024-10-24T09:34:45.976Z,,
67df45b1c1cf68c4cbfe500d,12055,661e9b4ed203ce0014bbce16,1,601adcb1a8ba4141042532c2,63722d1ffaf87162cc48fe46,12091999,154856,157131,,,2024-10-22T16:21:29.353Z,2024-10-22T16:52:02.442Z,6717d1091bb8c00013c30b19,5f92f8a6aaafd5300493b6d0,2.275,2024-10-24T09:34:45.978Z,,
67df45b1c1cf68c4cbfe500e,12057,661f9fc5d203ce0014bbdfe9,1,601adcb1a8ba4141042532c2,63722d1ffaf87162cc48fe46,12091099,1323388,1358061,,,2024-10-23T08:16:01.104Z,2024-10-23T12:04:44.800Z,6718b0c11bb8c00013c31aaf,6622834ad203ce0014bc1363,34.673,2024-10-24T09:34:45.982Z,,
67df45b1c1cf68c4cbfe500f,12058,661e9b4ed203ce0014bbce16,1,601adcb1a8ba4141042532c2,63722d1ffaf87162cc48fe46,12091999,157131,160654,,,2024-10-23T14:52:36.922Z,2024-10-23T15:39:23.607Z,67190db41bb8c00013c320fc,5f92f8a6aaafd5300493b6d0,3.523,2024-10-24T09:34:45.984Z,,
67df45b1c1cf68c4cbfe5010,12059,661e9b4ed203ce0014bbce16,1,601adcb1a8ba4141042532c2,63722d1ffaf87162cc48fe46,12091999,157131,,0,0,2024-10-23T14:52:38.373Z,,67190db61bb8c00013c320ff,5f92f8a6aaafd5300493b6d0,,,,
67df45b1c1cf68c4cbfe5011,12060,661e9b4ed203ce0014bbce16,1,601adcb1a8ba4141042532c2,63722d1ffaf87162cc48fe46,12091999,160654,163819,,,2024-10-23T16:05:31.796Z,2024-10-23T17:17:11.861Z,67191ecb1bb8c00013c32284,5f92f8a6aaafd5300493b6d0,3.165,2024-10-24T09:34:45.986Z,,
67df45b1c1cf68c4cbfe5012,12061,661e9b4ed203ce0014bbce16,1,601adcb1a8ba4141042532c2,63722d1ffaf87162cc48fe46,12091999,163819,166396,,,2024-10-24T16:00:33.041Z,2024-10-24T16:53:27.143Z,671a6f218634fa00123f9ba4,5f92f8a6aaafd5300493b6d0,2.577,2024-11-07T09:50:42.377Z,,
67df45b1c1cf68c4cbfe5013,12062,661e9b4ed203ce0014bbce16,1,601adcb1a8ba4141042532c2,63722d1ffaf87162cc48fe46,12091999,166396,172400,,,2024-10-25T15:01:37.231Z,2024-10-25T16:21:13.802Z,671bb2d18634fa00123fb1d5,5f92f8a6aaafd5300493b6d0,6.004,2024-11-07T09:50:42.379Z,,
67df45b1c1cf68c4cbfe5014,12064,661e9b4ed203ce0014bbce16,1,601adcb1a8ba4141042532c2,63722d1ffaf87162cc48fe46,12091999,172400,180639,,,2024-10-28T15:32:10.413Z,2024-10-28T17:21:06.168Z,671fae7a8634fa00123ff83e,5f92f8a6aaafd5300493b6d0,8.239,2024-11-07T09:50:42.392Z,,
67df45b1c1cf68c4cbfe5015,12065,661e9b4ed203ce0014bbce16,1,601adcb1a8ba4141042532c2,63722d1ffaf87162cc48fe46,12091999,183970,,0,0,2024-10-31T16:11:47.414Z,,6723ac438634fa0012400b8b,5f92f8a6aaafd5300493b6d0,,,,
67df45b1c1cf68c4cbfe5016,12067,661e9b4ed203ce0014bbce16,1,601adcb1a8ba4141042532c2,63722d1ffaf87162cc48fe46,12091999,183970,,0,0,2024-10-31T16:11:47.415Z,,6723ac438634fa0012400b8c,5f92f8a6aaafd5300493b6d0,,,,
67df45b1c1cf68c4cbfe5017,12066,661e9b4ed203ce0014bbce16,1,601adcb1a8ba4141042532c2,63722d1ffaf87162cc48fe46,12091999,183970,,0,0,2024-10-31T16:11:47.376Z,,6723ac438634fa0012400b8e,5f92f8a6aaafd5300493b6d0,,,,
67df45b1c1cf68c4cbfe5018,12069,661e9b4ed203ce0014bbce16,1,601adcb1a8ba4141042532c2,63722d1ffaf87162cc48fe46,12091999,183970,,0,0,2024-10-31T16:11:47.648Z,,6723ac438634fa0012400b8f,5f92f8a6aaafd5300493b6d0,,,,
67df45b1c1cf68c4cbfe5019,12070,661e9b4ed203ce0014bbce16,1,601adcb1a8ba4141042532c2,63722d1ffaf87162cc48fe46,12091999,183970,,0,0,2024-10-31T16:11:48.044Z,,6723ac448634fa0012400b99,5f92f8a6aaafd5300493b6d0,,,,
67df45b1c1cf68c4cbfe501a,12074,661f9fc5d203ce0014bbdfe9,1,601adcb1a8ba4141042532c2,63722d1ffaf87162cc48fe46,12091099,1366773,1401826,,,2024-11-04T09:08:02.461Z,2024-11-04T12:35:04.060Z,67288ef28634fa0012406339,6622834ad203ce0014bc1363,35.053,2024-11-07T09:50:42.401Z,,
67df45b1c1cf68c4cbfe501b,12075,661f9fc5d203ce0014bbdfe9,1,601adcb1a8ba4141042532c2,63722d1ffaf87162cc48fe46,12091099,1401826,1417957,,,2024-11-04T16:12:55.109Z,2024-11-04T17:24:23.135Z,6728f2878634fa0012406a06,6622834ad203ce0014bc1363,16.131,2024-11-07T09:50:42.403Z,,
67df45b1c1cf68c4cbfe501c,12076,661f9fc5d203ce0014bbdfe9,1,601adcb1a8ba4141042532c2,63722d1ffaf87162cc48fe46,12091099,1417957,1437122,,,2024-11-05T16:28:17.285Z,2024-11-05T17:58:05.176Z,672a47a18634fa0012408171,6622834ad203ce0014bc1363,19.165,2024-11-07T09:50:42.405Z,,
67df45b1c1cf68c4cbfe501d,12077,661e9b4ed203ce0014bbce16,1,601adcb1a8ba4141042532c2,63722d1ffaf87162cc48fe46,12091999,188672,194344,,,2024-11-06T17:07:34.530Z,2024-11-06T18:22:42.064Z,672ba2568634fa0012409990,5f92f8a6aaafd5300493b6d0,5.672,2024-11-07T09:50:42.407Z,,
67df45b1c1cf68c4cbfe501e,12079,661f9fc5d203ce0014bbdfe9,1,601adcb1a8ba4141042532c2,63722d1ffaf87162cc48fe46,12091099,1437122,1461393,,,2024-11-08T11:03:22.757Z,2024-11-08T13:45:36.680Z,672deffa1db38200324ed606,6622834ad203ce0014bc1363,24.271,2024-11-29T12:05:42.339Z,,
67df45b1c1cf68c4cbfe501f,12080,661e9b4ed203ce0014bbce16,1,601adcb1a8ba4141042532c2,63722d1ffaf87162cc48fe46,12091999,194344,198543,,,2024-11-08T16:07:39.043Z,2024-11-08T17:03:33.166Z,672e374b1db38200324edaec,5f92f8a6aaafd5300493b6d0,4.199,2024-11-29T12:05:42.362Z,,
67df45b1c1cf68c4cbfe5020,12083,661e9b4ed203ce0014bbce16,1,601adcb1a8ba4141042532c2,63722d1ffaf87162cc48fe46,12091999,198543,200805,,,2024-11-11T13:34:39.804Z,2024-11-11T14:05:40.428Z,673207ef1db38200324f1ec7,5f92f8a6aaafd5300493b6d0,2.262,2024-11-29T12:05:42.372Z,,
67df45b1c1cf68c4cbfe5021,12084,661e9b4ed203ce0014bbce16,1,601adcb1a8ba4141042532c2,63722d1ffaf87162cc48fe46,12091999,200805,201692,,,2024-11-12T13:44:17.241Z,2024-11-12T13:56:20.474Z,67335bb11db38200324f35f6,5f92f8a6aaafd5300493b6d0,0.887,2024-11-29T12:05:42.385Z,,
67df45b1c1cf68c4cbfe5022,12085,661e9b4ed203ce0014bbce16,1,601adcb1a8ba4141042532c2,63722d1ffaf87162cc48fe46,12091999,201692,211095,,,2024-11-12T15:47:41.106Z,2024-11-12T17:52:41.332Z,6733789d1db38200324f37f3,5f92f8a6aaafd5300493b6d0,9.403,2024-11-29T12:05:42.401Z,,
67df45b1c1cf68c4cbfe5023,12086,661f9fc5d203ce0014bbdfe9,1,601adcb1a8ba4141042532c2,63722d1ffaf87162cc48fe46,12091099,1461393,1483853,,,2024-11-14T11:30:18.506Z,2024-11-14T13:09:35.116Z,6735df4a1db38200324f627d,6622834ad203ce0014bc1363,22.46,2024-11-29T12:05:42.419Z,,
67df45b1c1cf68c4cbfe5024,12088,661e9b4ed203ce0014bbce16,1,601adcb1a8ba4141042532c2,63722d1ffaf87162cc48fe46,12091999,211095,215096,,,2024-11-15T16:21:06.644Z,2024-11-15T17:14:23.672Z,673774f21db38200324f7e42,5f92f8a6aaafd5300493b6d0,4.001,2024-11-29T12:05:42.427Z,,
67df45b1c1cf68c4cbfe5025,12092,661f9fc5d203ce0014bbdfe9,1,601adcb1a8ba4141042532c2,63722d1ffaf87162cc48fe46,12091099,1483853,1523444,,,2024-11-18T09:17:54.876Z,2024-11-18T12:50:06.255Z,673b06421db38200324fbd9c,6622834ad203ce0014bc1363,39.591,2024-11-29T12:05:42.451Z,,
67df45b1c1cf68c4cbfe5026,12093,661f9fc5d203ce0014bbdfe9,1,601adcb1a8ba4141042532c2,63722d1ffaf87162cc48fe46,12091099,1523444,1542874,,,2024-11-18T15:53:09.975Z,2024-11-18T17:19:14.401Z,673b62e61db38200324fc3e9,6622834ad203ce0014bc1363,19.43,2024-11-29T12:05:42.455Z,,
67df45b1c1cf68c4cbfe5027,12094,661e9b4ed203ce0014bbce16,1,601adcb1a8ba4141042532c2,63722d1ffaf87162cc48fe46,12091999,215096,221429,,,2024-11-19T16:07:09.323Z,2024-11-19T17:44:05.431Z,673cb7ad1db38200324fdb86,5f92f8a6aaafd5300493b6d0,6.333,2024-11-29T12:05:42.457Z,,
67df45b1c1cf68c4cbfe5028,12096,661e9b4ed203ce0014bbce16,1,601adcb1a8ba4141042532c2,63722d1ffaf87162cc48fe46,12091999,221429,224207,,,2024-11-20T13:19:48.371Z,2024-11-20T13:56:56.741Z,673de1f41db38200324ff027,5f92f8a6aaafd5300493b6d0,2.778,2024-11-29T12:05:42.461Z,,
67df45b1c1cf68c4cbfe5029,12097,661e9b4ed203ce0014bbce16,1,601adcb1a8ba4141042532c2,63722d1ffaf87162cc48fe46,12091999,224207,227161,,,2024-11-20T16:11:38.961Z,2024-11-20T16:51:20.423Z,673e0a3a1db38200324ff317,5f92f8a6aaafd5300493b6d0,2.954,2024-11-29T12:05:42.463Z,,
67df45b1c1cf68c4cbfe502a,12098,661e9b4ed203ce0014bbce16,1,601adcb1a8ba4141042532c2,63722d1ffaf87162cc48fe46,12091999,227161,233239,,,2024-11-20T17:01:35.086Z,2024-11-20T18:22:31.627Z,673e15ef1db38200324ff41c,5f92f8a6aaafd5300493b6d0,6.078,2024-11-29T12:05:42.466Z,,
67df45b1c1cf68c4cbfe502b,12099,661e9b4ed203ce0014bbce16,1,601adcb1a8ba4141042532c2,63722d1ffaf87162cc48fe46,12091999,233239,238784,,,2024-11-22T16:06:08.758Z,2024-11-22T17:19:29.509Z,6740abf01db382003250217b,5f92f8a6aaafd5300493b6d0,5.545,2024-11-29T12:05:42.468Z,,
67df45b1c1cf68c4cbfe502c,12102,661e9b4ed203ce0014bbce16,1,601adcb1a8ba4141042532c2,63722d1ffaf87162cc48fe46,12091999,238784,244759,,,2024-11-25T16:03:29.201Z,2024-11-25T17:23:27.342Z,67449fd11db3820032506790,5f92f8a6aaafd5300493b6d0,5.975,2024-11-29T12:05:42.492Z,,
67df45b1c1cf68c4cbfe502d,12103,661e9b4ed203ce0014bbce16,1,601adcb1a8ba4141042532c2,63722d1ffaf87162cc48fe46,12091999,238784,,0,0,2024-11-25T16:03:32.210Z,,67449fd41db3820032506793,5f92f8a6aaafd5300493b6d0,,,,
67df45b1c1cf68c4cbfe502e,12105,661e9b4ed203ce0014bbce16,1,601adcb1a8ba4141042532c2,63722d1ffaf87162cc48fe46,12091999,244759,250882,,,2024-11-27T16:57:02.986Z,2024-11-27T18:18:12.885Z,67474f5f1db382003250968e,5f92f8a6aaafd5300493b6d0,6.123,2024-11-29T12:05:42.497Z,,
67df45b1c1cf68c4cbfe502f,12107,661e9b4ed203ce0014bbce16,1,601adcb1a8ba4141042532c2,63722d1ffaf87162cc48fe46,12091999,250882,261650,,,2024-11-29T14:13:15.500Z,2024-11-29T17:10:18.279Z,6749cbfb3d8bb300180d4b71,5f92f8a6aaafd5300493b6d0,10.768,2025-01-20T09:32:19.571Z,,
67df45b1c1cf68c4cbfe5030,12108,661f9fc5d203ce0014bbdfe9,1,601adcb1a8ba4141042532c2,63722d1ffaf87162cc48fe46,12091099,1542874,1559872,,,2024-11-29T16:00:51.207Z,2024-11-29T17:41:13.266Z,6749e5333d8bb300180d4d64,6622834ad203ce0014bc1363,16.998,2025-01-20T09:32:19.574Z,,
67df45b1c1cf68c4cbfe5031,12111,63a3275a652e600012b78b67,1,601adcb1a8ba4141042532c2,63722d1ffaf87162cc48fe46,7A3A528D,0,1,0,0,2024-12-01T18:42:52.742Z,2024-12-01T18:45:02.981Z,674cae2c3d8bb300180d7e7d,6339b254aae30705703559b1,0.001,2024-12-01T18:44:56.587Z,2024-12-01T18:44:56.587Z,2024-12-01T18:44:56.587Z
67df45b1c1cf68c4cbfe5032,12112,63a3275a652e600012b78b67,1,601adcb1a8ba4141042532c2,63722d1ffaf87162cc48fe46,7A3A528D,0,1,0,0,2024-12-01T18:48:59.713Z,2024-12-01T18:50:13.903Z,674caf9b3d8bb300180d7e92,6339b254aae30705703559b1,0.001,2024-12-01T18:50:08.433Z,2024-12-01T18:50:08.433Z,2024-12-01T18:50:08.433Z
67df45b1c1cf68c4cbfe5033,12114,661e9b4ed203ce0014bbce16,1,601adcb1a8ba4141042532c2,63722d1ffaf87162cc48fe46,12091999,261650,265208,,,2024-12-02T16:49:02.163Z,2024-12-02T17:36:13.351Z,674de4fe3d8bb300180d9492,5f92f8a6aaafd5300493b6d0,3.558,2025-01-20T09:32:19.595Z,,
67df45b1c1cf68c4cbfe5034,12115,661e9b4ed203ce0014bbce16,1,601adcb1a8ba4141042532c2,63722d1ffaf87162cc48fe46,12091999,265208,268430,,,2024-12-02T19:50:31.854Z,2024-12-02T20:38:37.525Z,674e0f873d8bb300180d9782,5f92f8a6aaafd5300493b6d0,3.222,2025-01-20T09:32:19.599Z,,
67df45b1c1cf68c4cbfe5035,12117,661f9fc5d203ce0014bbdfe9,1,601adcb1a8ba4141042532c2,63722d1ffaf87162cc48fe46,12091099,1559872,1571305,,,2024-12-03T10:57:45.861Z,2024-12-03T12:22:18.228Z,674ee4293d8bb300180da62e,6622834ad203ce0014bc1363,11.433,2025-01-20T09:32:19.604Z,,
67df45b1c1cf68c4cbfe5036,12118,661e9b4ed203ce0014bbce16,1,601adcb1a8ba4141042532c2,63722d1ffaf87162cc48fe46,12091999,268430,273645,,,2024-12-03T14:49:31.916Z,2024-12-03T16:00:35.390Z,674f1a7b3d8bb300180daa1f,5f92f8a6aaafd5300493b6d0,5.215,2025-01-20T09:32:19.614Z,,
67df45b1c1cf68c4cbfe5037,12120,63f7a0792bb4b7001231f198,1,601adcb1a8ba4141042532c2,63722d1ffaf87162cc48fe46,25E45549,4530475,4530475,,,2024-12-04T15:21:45.866Z,2024-12-04T15:21:46.464Z,675073893d8bb300180dc26a,6474a5e94c3f470012aeec9b,0,2025-01-20T09:32:19.623Z,,
67df45b1c1cf68c4cbfe5038,12121,63f7a0792bb4b7001231f198,1,601adcb1a8ba4141042532c2,63722d1ffaf87162cc48fe46,969791F0,4530477,4551789,,,2024-12-04T15:21:47.035Z,2024-12-04T15:21:47.420Z,6750738b3d8bb300180dc26e,63722d80131fbc00123e2706,21.312,2025-01-20T09:32:19.626Z,,
67df45b1c1cf68c4cbfe5039,12122,63f7a0792bb4b7001231f198,1,601adcb1a8ba4141042532c2,63722d1ffaf87162cc48fe46,4D879074,4551789,,0,0,2024-12-04T15:21:48.089Z,,6750738c3d8bb300180dc272,66266bdad203ce0014bc5658,,,,
67df45b1c1cf68c4cbfe503a,12123,63f7a0792bb4b7001231f198,1,601adcb1a8ba4141042532c2,63722d1ffaf87162cc48fe46,969791F0,4565872,4589382,,,2024-12-04T15:21:48.439Z,2024-12-04T15:21:48.793Z,6750738c3d8bb300180dc275,63722d80131fbc00123e2706,23.51,2025-01-20T09:32:19.628Z,,
67df45b1c1cf68c4cbfe503b,12124,63f7a0792bb4b7001231f198,1,601adcb1a8ba4141042532c2,63722d1ffaf87162cc48fe46,F51F555D,4589382,4589400,,,2024-12-04T15:21:49.232Z,2024-12-04T15:21:49.588Z,6750738d3d8bb300180dc279,6453b82f82ea136b9458e454,0.018,2025-01-20T09:32:19.631Z,,
67df45b1c1cf68c4cbfe503c,12125,63f7a0792bb4b7001231f198,1,601adcb1a8ba4141042532c2,63722d1ffaf87162cc48fe46,25E45549,4589400,4620296,,,2024-12-04T15:21:50.090Z,2024-12-04T15:21:50.496Z,6750738e3d8bb300180dc27d,6474a5e94c3f470012aeec9b,30.896,2025-01-20T09:32:19.634Z,,
67df45b1c1cf68c4cbfe503d,12126,63f7a0792bb4b7001231f198,1,601adcb1a8ba4141042532c2,63722d1ffaf87162cc48fe46,25E45549,4620297,4644248,,,2024-12-04T15:21:50.975Z,2024-12-04T15:21:51.634Z,6750738e3d8bb300180dc281,6474a5e94c3f470012aeec9b,23.951,2025-01-20T09:32:19.636Z,,
67df45b1c1cf68c4cbfe503e,12127,63f7a0792bb4b7001231f198,1,601adcb1a8ba4141042532c2,63722d1ffaf87162cc48fe46,B5485549,4644248,4646336,,,2024-12-04T15:21:52.212Z,2024-12-04T15:21:53.346Z,675073903d8bb300180dc285,643d70b933af02001273760d,2.088,2025-01-20T09:32:19.639Z,,
67df45b1c1cf68c4cbfe503f,12128,63f7a0792bb4b7001231f198,1,601adcb1a8ba4141042532c2,63722d1ffaf87162cc48fe46,25E45549,4646336,4679579,,,2024-12-04T15:21:53.835Z,2024-12-04T15:21:54.169Z,675073913d8bb300180dc289,6474a5e94c3f470012aeec9b,33.243,2025-01-20T09:32:19.641Z,,
67df45b1c1cf68c4cbfe5040,12129,63f7a0792bb4b7001231f198,1,601adcb1a8ba4141042532c2,63722d1ffaf87162cc48fe46,B5485549,4679579,4683198,,,2024-12-04T15:21:54.548Z,2024-12-04T15:21:54.867Z,675073923d8bb300180dc28d,643d70b933af02001273760d,3.619,2025-01-20T09:32:19.643Z,,
67df45b1c1cf68c4cbfe5041,12130,63f7a0792bb4b7001231f198,1,601adcb1a8ba4141042532c2,63722d1ffaf87162cc48fe46,B5485549,4683198,4687280,,,2024-12-04T15:21:55.250Z,2024-12-04T15:21:55.676Z,675073933d8bb300180dc291,643d70b933af02001273760d,4.082,2025-01-20T09:32:19.646Z,,
67df45b1c1cf68c4cbfe5042,12131,63f7a0792bb4b7001231f198,1,601adcb1a8ba4141042532c2,63722d1ffaf87162cc48fe46,969791F0,4687280,4715090,,,2024-12-04T15:21:56.080Z,2024-12-04T15:21:56.368Z,675073943d8bb300180dc295,63722d80131fbc00123e2706,27.81,2025-01-20T09:32:19.652Z,,
67df45b1c1cf68c4cbfe5043,12132,63f7a0792bb4b7001231f198,1,601adcb1a8ba4141042532c2,63722d1ffaf87162cc48fe46,B5485549,4715090,4719650,,,2024-12-04T15:21:56.769Z,2024-12-04T15:21:57.236Z,675073943d8bb300180dc299,643d70b933af02001273760d,4.56,2025-01-20T09:32:19.655Z,,
67df45b1c1cf68c4cbfe5044,12133,63f7a0792bb4b7001231f198,1,601adcb1a8ba4141042532c2,63722d1ffaf87162cc48fe46,B5485549,4719650,4723499,,,2024-12-04T15:21:57.964Z,2024-12-04T15:21:58.242Z,675073953d8bb300180dc29d,643d70b933af02001273760d,3.849,2025-01-20T09:32:19.659Z,,
67df45b1c1cf68c4cbfe5045,12134,63f7a0792bb4b7001231f198,1,601adcb1a8ba4141042532c2,63722d1ffaf87162cc48fe46,B5485549,4723499,4725912,,,2024-12-04T15:21:58.665Z,2024-12-04T15:21:58.946Z,675073963d8bb300180dc2a1,643d70b933af02001273760d,2.413,2025-01-20T09:32:19.661Z,,
67df45b1c1cf68c4cbfe5046,12135,63f7a0792bb4b7001231f198,1,601adcb1a8ba4141042532c2,63722d1ffaf87162cc48fe46,969791F0,4725912,4743759,,,2024-12-04T15:21:59.529Z,2024-12-04T15:21:59.778Z,675073973d8bb300180dc2a5,63722d80131fbc00123e2706,17.847,2025-01-20T09:32:19.664Z,,
67df45b1c1cf68c4cbfe5047,12136,63f7a0792bb4b7001231f198,1,601adcb1a8ba4141042532c2,63722d1ffaf87162cc48fe46,25E45549,4743759,4779399,,,2024-12-04T15:22:00.301Z,2024-12-04T15:22:00.612Z,675073983d8bb300180dc2a9,6474a5e94c3f470012aeec9b,35.64,2025-01-20T09:32:19.666Z,,
67df45b1c1cf68c4cbfe5048,12137,63f7a0792bb4b7001231f198,1,601adcb1a8ba4141042532c2,63722d1ffaf87162cc48fe46,4D0D9174,4779399,4808160,,,2024-12-04T15:22:01.087Z,2024-12-04T15:22:01.365Z,675073993d8bb300180dc2ad,64538b2e59cf6600123af26a,28.761,2025-01-20T09:32:19.668Z,,
67df45b1c1cf68c4cbfe5049,12138,63f7a0792bb4b7001231f198,1,601adcb1a8ba4141042532c2,63722d1ffaf87162cc48fe46,F51F555D,4808160,4818259,,,2024-12-04T15:22:01.912Z,2024-12-04T15:22:02.325Z,675073993d8bb300180dc2b1,6453b82f82ea136b9458e454,10.099,2025-01-20T09:32:19.671Z,,
67df45b1c1cf68c4cbfe504a,12139,63f7a0792bb4b7001231f198,1,601adcb1a8ba4141042532c2,63722d1ffaf87162cc48fe46,25E45549,4818259,4850936,,,2024-12-04T15:22:02.874Z,2024-12-04T15:22:03.593Z,6750739a3d8bb300180dc2b5,6474a5e94c3f470012aeec9b,32.677,2025-01-20T09:32:19.673Z,,
67df45b1c1cf68c4cbfe504b,12140,63f7a0792bb4b7001231f198,1,601adcb1a8ba4141042532c2,63722d1ffaf87162cc48fe46,25E45549,4850936,4850937,,,2024-12-04T15:22:04.337Z,2024-12-04T15:22:05.044Z,6750739c3d8bb300180dc2b9,6474a5e94c3f470012aeec9b,0.001,2025-01-20T09:32:19.675Z,,
67df45b1c1cf68c4cbfe504c,12141,63f7a0792bb4b7001231f198,1,601adcb1a8ba4141042532c2,63722d1ffaf87162cc48fe46,4D879074,4850938,4850938,,,2024-12-04T15:22:05.768Z,2024-12-04T15:22:06.515Z,6750739d3d8bb300180dc2bd,66266bdad203ce0014bc5658,0,2025-01-20T09:32:19.678Z,,
67df45b1c1cf68c4cbfe504d,12142,63f7a0792bb4b7001231f198,1,601adcb1a8ba4141042532c2,63722d1ffaf87162cc48fe46,4D879074,4850938,4881235,,,2024-12-04T15:22:07.200Z,2024-12-04T15:22:07.780Z,6750739f3d8bb300180dc2c1,66266bdad203ce0014bc5658,30.297,2025-01-20T09:32:19.681Z,,
67df45b1c1cf68c4cbfe504e,12143,63f7a0792bb4b7001231f198,1,601adcb1a8ba4141042532c2,63722d1ffaf87162cc48fe46,969791F0,4881236,4894861,,,2024-12-04T15:22:08.782Z,2024-12-04T15:22:09.352Z,675073a03d8bb300180dc2c5,63722d80131fbc00123e2706,13.625,2025-01-20T09:32:19.683Z,,
67df45b1c1cf68c4cbfe504f,12144,63f7a0792bb4b7001231f198,1,601adcb1a8ba4141042532c2,63722d1ffaf87162cc48fe46,969791F0,4894861,4931476,,,2024-12-04T15:22:10.372Z,2024-12-04T15:22:11.095Z,675073a23d8bb300180dc2c9,63722d80131fbc00123e2706,36.615,2025-01-20T09:32:19.686Z,,
67df45b1c1cf68c4cbfe5050,12145,63f7a0792bb4b7001231f198,1,601adcb1a8ba4141042532c2,63722d1ffaf87162cc48fe46,25E45549,4931476,4960324,,,2024-12-04T15:22:11.737Z,2024-12-04T15:22:12.550Z,675073a33d8bb300180dc2cd,6474a5e94c3f470012aeec9b,28.848,2025-01-20T09:32:19.689Z,,
67df45b1c1cf68c4cbfe5051,12146,63f7a0792bb4b7001231f198,1,601adcb1a8ba4141042532c2,63722d1ffaf87162cc48fe46,4D0D9174,4960324,5006296,,,2024-12-04T15:22:13.462Z,2024-12-04T15:22:13.852Z,675073a53d8bb300180dc2d1,64538b2e59cf6600123af26a,45.972,2025-01-20T09:32:19.691Z,,
67df45b1c1cf68c4cbfe5052,12147,63f7a0792bb4b7001231f198,1,601adcb1a8ba4141042532c2,63722d1ffaf87162cc48fe46,25E45549,5006296,5026756,,,2024-12-04T15:22:14.826Z,2024-12-04T15:22:15.631Z,675073a63d8bb300180dc2d5,6474a5e94c3f470012aeec9b,20.46,2025-01-20T09:32:19.693Z,,
67df45b1c1cf68c4cbfe5053,12148,63f7a0792bb4b7001231f198,1,601adcb1a8ba4141042532c2,63722d1ffaf87162cc48fe46,25E45549,5026756,5056486,,,2024-12-04T15:22:18.144Z,2024-12-04T15:22:18.831Z,675073aa3d8bb300180dc2d9,6474a5e94c3f470012aeec9b,29.73,2025-01-20T09:32:19.696Z,,
67df45b1c1cf68c4cbfe5054,12149,63f7a0792bb4b7001231f198,1,601adcb1a8ba4141042532c2,63722d1ffaf87162cc48fe46,969791F0,5056486,5079655,,,2024-12-04T15:22:22.545Z,2024-12-04T15:22:23.467Z,675073ae3d8bb300180dc2dd,63722d80131fbc00123e2706,23.169,2025-01-20T09:32:19.698Z,,
67df45b1c1cf68c4cbfe5055,12150,63f7a0792bb4b7001231f198,1,601adcb1a8ba4141042532c2,63722d1ffaf87162cc48fe46,4D0D9174,5079655,5089673,,,2024-12-04T15:22:24.341Z,2024-12-04T15:22:24.641Z,675073b03d8bb300180dc2e1,64538b2e59cf6600123af26a,10.018,2025-01-20T09:32:19.700Z,,
67df45b1c1cf68c4cbfe5056,12151,63f7a0792bb4b7001231f198,1,601adcb1a8ba4141042532c2,63722d1ffaf87162cc48fe46,969791F0,5089673,,0,0,2024-12-04T15:22:25.039Z,,675073b13d8bb300180dc2e5,63722d80131fbc00123e2706,,,,
67df45b1c1cf68c4cbfe5057,12152,63f7a0792bb4b7001231f198,1,601adcb1a8ba4141042532c2,63722d1ffaf87162cc48fe46,969791F0,5102539,5112586,,,2024-12-04T15:22:25.391Z,2024-12-04T15:22:25.702Z,675073b13d8bb300180dc2e8,63722d80131fbc00123e2706,10.047,2025-01-20T09:32:19.703Z,,
67df45b1c1cf68c4cbfe5058,12153,63f7a0792bb4b7001231f198,1,601adcb1a8ba4141042532c2,63722d1ffaf87162cc48fe46,4D0D9174,5112586,,0,0,2024-12-04T15:22:26.994Z,,675073b33d8bb300180dc2ec,64538b2e59cf6600123af26a,,,,
67df45b1c1cf68c4cbfe5059,12154,63f7a0792bb4b7001231f198,1,601adcb1a8ba4141042532c2,63722d1ffaf87162cc48fe46,969791F0,5135084,5149601,,,2024-12-04T15:22:27.159Z,2024-12-04T15:22:27.460Z,675073b33d8bb300180dc2ef,63722d80131fbc00123e2706,14.517,2025-01-20T09:32:19.706Z,,
67df45b1c1cf68c4cbfe505a,12155,63f7a0792bb4b7001231f198,1,601adcb1a8ba4141042532c2,63722d1ffaf87162cc48fe46,25E45549,5149601,5177514,,,2024-12-04T15:22:27.837Z,2024-12-04T15:22:28.082Z,675073b33d8bb300180dc2f3,6474a5e94c3f470012aeec9b,27.913,2025-01-20T09:32:19.713Z,,
67df45b1c1cf68c4cbfe505b,12156,63f7a0792bb4b7001231f198,1,601adcb1a8ba4141042532c2,63722d1ffaf87162cc48fe46,969791F0,5177514,5205231,,,2024-12-04T15:22:28.407Z,2024-12-04T15:22:28.852Z,675073b43d8bb300180dc2f7,63722d80131fbc00123e2706,27.717,2025-01-20T09:32:19.716Z,,
67df45b1c1cf68c4cbfe505c,12157,63f7a0792bb4b7001231f198,1,601adcb1a8ba4141042532c2,63722d1ffaf87162cc48fe46,B5485549,5205231,5210559,,,2024-12-04T15:22:29.234Z,2024-12-04T15:22:29.513Z,675073b53d8bb300180dc2fb,643d70b933af02001273760d,5.328,2025-01-20T09:32:19.718Z,,
67df45b1c1cf68c4cbfe505d,12158,63f7a0792bb4b7001231f198,1,601adcb1a8ba4141042532c2,63722d1ffaf87162cc48fe46,25E45549,5210559,5237351,,,2024-12-04T15:22:29.854Z,2024-12-04T15:22:30.264Z,675073b53d8bb300180dc2ff,6474a5e94c3f470012aeec9b,26.792,2025-01-20T09:32:19.722Z,,
67df45b1c1cf68c4cbfe505e,12159,661e9b4ed203ce0014bbce16,1,601adcb1a8ba4141042532c2,63722d1ffaf87162cc48fe46,12091999,273645,280089,,,2024-12-04T17:03:25.269Z,2024-12-04T18:28:49.688Z,67508b5d3d8bb300180dc50d,5f92f8a6aaafd5300493b6d0,6.444,2025-01-20T09:32:19.724Z,,
67df45b1c1cf68c4cbfe505f,12161,63f7a0792bb4b7001231f198,1,601adcb1a8ba4141042532c2,63722d1ffaf87162cc48fe46,4CC85249,5237351,5251442,1.43,1.43,2024-12-05T16:19:02.862Z,2024-12-05T17:51:48.473Z,6751d2763d8bb300180ddb9e,675086ef3d8bb300180dc488,14.091,2025-01-20T09:32:19.729Z,,
67df45b1c1cf68c4cbfe5060,12162,63f7a0792bb4b7001231f198,1,601adcb1a8ba4141042532c2,63722d1ffaf87162cc48fe46,969791F0,5251442,5254607,0.38,0.38,2024-12-05T19:32:44.972Z,2024-12-05T19:50:56.430Z,6751ffdc3d8bb300180ddf48,63722d80131fbc00123e2706,3.165,2025-01-20T09:32:19.733Z,,
67df45b1c1cf68c4cbfe5061,12165,63f7a0792bb4b7001231f198,1,601adcb1a8ba4141042532c2,63722d1ffaf87162cc48fe46,4CC85249,5254607,5254607,,,2024-12-06T18:00:20.554Z,2024-12-06T18:01:54.325Z,67533bb43d8bb300180df55c,675086ef3d8bb300180dc488,0,2025-01-20T09:32:19.740Z,,
67df45b1c1cf68c4cbfe5062,12166,63f7a0792bb4b7001231f198,1,601adcb1a8ba4141042532c2,63722d1ffaf87162cc48fe46,4CC85249,5254607,5265516,1.31,1.31,2024-12-06T18:02:04.295Z,2024-12-06T19:07:12.601Z,67533c1c3d8bb300180df566,675086ef3d8bb300180dc488,10.909,2025-01-20T09:32:19.743Z,,
67df45b1c1cf68c4cbfe5063,12171,63f7a0792bb4b7001231f198,1,601adcb1a8ba4141042532c2,63722d1ffaf87162cc48fe46,4CC85249,5265516,5281136,1.018,1.018,2024-12-08T14:52:19.446Z,2024-12-08T18:42:23.129Z,6755b2a33d8bb300180e2113,675086ef3d8bb300180dc488,15.62,2025-01-20T09:32:19.756Z,,
67df45b1c1cf68c4cbfe5064,12173,661f9fc5d203ce0014bbdfe9,1,601adcb1a8ba4141042532c2,63722d1ffaf87162cc48fe46,12091099,1571305,1577263,,,2024-12-08T18:23:58.601Z,2024-12-08T18:56:22.314Z,6755e43e3d8bb300180e24e9,6622834ad203ce0014bc1363,5.958,2025-01-20T09:32:19.764Z,,
67df45b1c1cf68c4cbfe5065,12175,63f7a0792bb4b7001231f198,1,601adcb1a8ba4141042532c2,63722d1ffaf87162cc48fe46,25E45549,5281136,5310272,2.957,2.957,2024-12-09T08:58:00.936Z,2024-12-09T17:33:49.644Z,6756b1183d8bb300180e334c,6474a5e94c3f470012aeec9b,29.136,2025-01-20T09:32:19.769Z,,
67df45b1c1cf68c4cbfe5066,12176,661f9fc5d203ce0014bbdfe9,1,601adcb1a8ba4141042532c2,63722d1ffaf87162cc48fe46,12091099,1577263,1595150,,,2024-12-09T15:12:40.175Z,2024-12-09T16:48:43.884Z,675708e83d8bb300180e3a37,6622834ad203ce0014bc1363,17.887,2025-01-20T09:32:19.772Z,,
67df45b1c1cf68c4cbfe5067,12177,662281dbd203ce0014bc134a,1,601adcb1a8ba4141042532c2,63722d1ffaf87162cc48fe46,12091099,723905,736264,,,2024-12-09T16:51:30.394Z,2024-12-09T17:45:28.249Z,675720123d8bb300180e3bdc,6622834ad203ce0014bc1363,12.359,2025-01-20T09:32:19.775Z,,
67df45b1c1cf68c4cbfe5068,12179,662281dbd203ce0014bc134a,1,601adcb1a8ba4141042532c2,63722d1ffaf87162cc48fe46,12091099,736264,751508,,,2024-12-11T17:06:41.048Z,2024-12-11T18:30:40.062Z,6759c6a13d8bb300180e6b0d,6622834ad203ce0014bc1363,15.244,2025-01-20T09:32:19.781Z,,
67df45b1c1cf68c4cbfe5069,12182,63f7a0792bb4b7001231f198,1,601adcb1a8ba4141042532c2,63722d1ffaf87162cc48fe46,B5485549,5310273,5314363,0.415,0.415,2024-12-13T11:06:54.492Z,2024-12-13T13:17:09.842Z,675c154e3d8bb300180e94b6,643d70b933af02001273760d,4.09,2024-12-13T13:17:10.885Z,2024-12-13T13:17:10.885Z,2024-12-13T13:17:10.885Z
67df45b1c1cf68c4cbfe506a,12183,63f7a0792bb4b7001231f198,1,601adcb1a8ba4141042532c2,63722d1ffaf87162cc48fe46,F51F555D,5314363,5314441,0.008,0.008,2024-12-13T13:27:41.300Z,2024-12-13T13:29:26.024Z,675c364d3d8bb300180e96d2,6453b82f82ea136b9458e454,0.078,2025-01-20T09:32:19.807Z,,
67df45b1c1cf68c4cbfe506b,12185,63f7a0792bb4b7001231f198,1,601adcb1a8ba4141042532c2,63722d1ffaf87162cc48fe46,4CC85249,5314441,5318125,0.442,0.442,2024-12-13T18:23:56.094Z,2024-12-13T18:53:38.539Z,675c7bbc3d8bb300180e9bd0,675086ef3d8bb300180dc488,3.684,2025-01-20T09:32:19.819Z,,
67df45b1c1cf68c4cbfe506c,12188,63f7a0792bb4b7001231f198,1,601adcb1a8ba4141042532c2,63722d1ffaf87162cc48fe46,4CC85249,5318125,5332123,0.913,0.913,2024-12-15T15:49:26.304Z,2024-12-15T18:34:10.569Z,675efa863d8bb300180ec884,675086ef3d8bb300180dc488,13.998,2025-01-20T09:32:19.838Z,,
67df45b1c1cf68c4cbfe506d,12189,676003833d8bb300180edb2b,1,601adcb1a8ba4141042532c2,63722d1ffaf87162cc48fe46,9C9C1FD9D91C,1805,1805,,,2024-12-16T10:43:17.940Z,2024-12-16T12:53:00.797Z,676004463d8bb300180edb35,6622834ad203ce0014bc1363,0,2025-01-20T09:32:19.840Z,,
67df45b1c1cf68c4cbfe506e,12190,661e9b4ed203ce0014bbce16,1,601adcb1a8ba4141042532c2,63722d1ffaf87162cc48fe46,12091999,280089,285332,,,2024-12-16T16:29:10.633Z,2024-12-16T17:38:40.847Z,676055563d8bb300180ee0a0,5f92f8a6aaafd5300493b6d0,5.243,2025-01-20T09:32:19.846Z,,
67df45b1c1cf68c4cbfe506f,12191,661e9b4ed203ce0014bbce16,1,601adcb1a8ba4141042532c2,63722d1ffaf87162cc48fe46,12091999,285332,291203,,,2024-12-17T13:12:18.924Z,2024-12-17T14:30:19.649Z,676178b23d8bb300180ef55d,5f92f8a6aaafd5300493b6d0,5.871,2025-01-20T09:32:19.858Z,,
67df45b1c1cf68c4cbfe5070,12192,63f7a0792bb4b7001231f198,1,601adcb1a8ba4141042532c2,63722d1ffaf87162cc48fe46,4CC85249,5332123,5345948,1.66,1.66,2024-12-18T08:14:28.262Z,2024-12-18T11:17:47.711Z,676284643d8bb300180f07f1,675086ef3d8bb300180dc488,13.825,2025-01-20T09:32:19.871Z,,
67df45b1c1cf68c4cbfe5071,12193,661f9fc5d203ce0014bbdfe9,1,601adcb1a8ba4141042532c2,63722d1ffaf87162cc48fe46,12091099,1595150,1612841,,,2024-12-18T14:27:46.422Z,2024-12-18T15:46:09.298Z,6762dbe23d8bb300180f0e38,6622834ad203ce0014bc1363,17.691,2025-01-20T09:32:19.874Z,,
67df45b1c1cf68c4cbfe5072,12194,661e9b4ed203ce0014bbce16,1,601adcb1a8ba4141042532c2,63722d1ffaf87162cc48fe46,12091999,291203,314611,,,2024-12-18T15:00:18.554Z,2024-12-18T18:04:27.464Z,6762e3823d8bb300180f0f3c,5f92f8a6aaafd5300493b6d0,23.408,2025-01-20T09:32:19.876Z,,
67df45b1c1cf68c4cbfe5073,12195,661f9fc5d203ce0014bbdfe9,1,601adcb1a8ba4141042532c2,63722d1ffaf87162cc48fe46,12091099,1612841,1629251,,,2024-12-18T17:34:59.419Z,2024-12-18T18:48:00.519Z,676307c33d8bb300180f11b9,6622834ad203ce0014bc1363,16.41,2025-01-20T09:32:19.883Z,,
67df45b1c1cf68c4cbfe5074,12196,661e9b4ed203ce0014bbce16,1,601adcb1a8ba4141042532c2,63722d1ffaf87162cc48fe46,12091999,314611,323310,,,2024-12-19T15:14:38.630Z,2024-12-19T17:18:32.258Z,6764385e3d8bb300180f26c1,5f92f8a6aaafd5300493b6d0,8.699,2025-01-20T09:32:19.890Z,,
67df45b1c1cf68c4cbfe5075,12199,63f7a0792bb4b7001231f198,1,601adcb1a8ba4141042532c2,63722d1ffaf87162cc48fe46,4CC85249,5345948,5357189,1.35,1.35,2024-12-20T08:12:22.476Z,2024-12-20T10:33:11.475Z,676526e63d8bb300180f37c1,675086ef3d8bb300180dc488,11.241,2025-01-20T09:32:19.904Z,,
67df45b1c1cf68c4cbfe5076,12200,662640f0d203ce0014bc5318,1,601adcb1a8ba4141042532c2,63722d1ffaf87162cc48fe46,12091099,1518471,1545462,,,2024-12-20T15:54:29.771Z,2024-12-20T20:35:49.659Z,676593353d8bb300180f3f71,6622834ad203ce0014bc1363,26.991,2025-01-20T09:32:19.912Z,,
67df45b1c1cf68c4cbfe5077,12201,63f7a0792bb4b7001231f198,1,601adcb1a8ba4141042532c2,63722d1ffaf87162cc48fe46,969791F0,5357189,5371699,1.473,1.473,2024-12-20T15:59:05.206Z,2024-12-20T17:21:56.417Z,676594493d8bb300180f3f7c,63722d80131fbc00123e2706,14.51,2025-01-20T09:32:19.920Z,,
67df45b1c1cf68c4cbfe5078,12202,661e9b4ed203ce0014bbce16,1,601adcb1a8ba4141042532c2,63722d1ffaf87162cc48fe46,12091999,323310,326707,,,2024-12-20T16:38:55.651Z,2024-12-20T17:24:12.999Z,67659d9f3d8bb300180f408d,5f92f8a6aaafd5300493b6d0,3.397,2025-01-20T09:32:19.928Z,,
67df45b1c1cf68c4cbfe5079,12205,662281dbd203ce0014bc134a,1,601adcb1a8ba4141042532c2,63722d1ffaf87162cc48fe46,12091099,766410,780895,,,2024-12-23T11:35:19.685Z,2024-12-23T12:32:39.076Z,67694af73d8bb300180f4ff3,6622834ad203ce0014bc1363,14.485,2025-01-20T09:32:19.935Z,,
67df45b1c1cf68c4cbfe507a,12206,63f7a0792bb4b7001231f198,1,601adcb1a8ba4141042532c2,63722d1ffaf87162cc48fe46,4CC85249,5371699,,0,0,2024-12-23T11:38:04.978Z,,67694b9c3d8bb300180f4ffe,675086ef3d8bb300180dc488,,,,
67df45b1c1cf68c4cbfe507b,12207,63f7a0792bb4b7001231f198,1,601adcb1a8ba4141042532c2,63722d1ffaf87162cc48fe46,4CC85249,5371919,5377054,0.617,0.617,2024-12-23T11:38:05.872Z,2024-12-23T11:38:31.508Z,67694b9d3d8bb300180f5005,675086ef3d8bb300180dc488,5.135,2025-01-20T09:32:19.940Z,,
67df45b1c1cf68c4cbfe507c,12208,662640f0d203ce0014bc5318,1,601adcb1a8ba4141042532c2,63722d1ffaf87162cc48fe46,12091099,1545462,1554760,,,2024-12-23T14:06:17.122Z,2024-12-23T15:59:28.013Z,67696e593d8bb300180f528e,6622834ad203ce0014bc1363,9.298,2025-01-20T09:32:19.944Z,,
67df45b1c1cf68c4cbfe507d,12209,662281dbd203ce0014bc134a,1,601adcb1a8ba4141042532c2,63722d1ffaf87162cc48fe46,12091099,780895,783749,,,2024-12-23T15:43:43.367Z,2024-12-23T15:59:56.736Z,6769852f3d8bb300180f5413,6622834ad203ce0014bc1363,2.854,2025-01-20T09:32:19.949Z,,
67df45b1c1cf68c4cbfe507e,12212,63a3275a652e600012b78b67,1,601adcb1a8ba4141042532c2,63722d1ffaf87162cc48fe46,7A3A528D,0,1,0,0,2024-12-24T10:11:43.296Z,2024-12-24T10:15:17.167Z,676a88df3d8bb300180f6705,6339b254aae30705703559b1,0.001,2024-12-24T10:14:29.231Z,2024-12-24T10:14:29.231Z,2024-12-24T10:14:29.231Z
67df45b1c1cf68c4cbfe507f,12213,63a3275a652e600012b78b67,1,601adcb1a8ba4141042532c2,63722d1ffaf87162cc48fe46,7A3A528D,0,0,0,0,2024-12-24T10:15:19.215Z,2024-12-24T10:19:49.305Z,676a89b73d8bb300180f6710,6339b254aae30705703559b1,0,2024-12-24T10:18:39.109Z,2024-12-24T10:18:39.109Z,2024-12-24T10:18:39.109Z
67df45b2c1cf68c4cbfe5080,12215,662281dbd203ce0014bc134a,1,601adcb1a8ba4141042532c2,63722d1ffaf87162cc48fe46,12091099,783749,784519,,,2024-12-25T16:30:30.527Z,2024-12-25T16:42:02.508Z,676c33263d8bb300180f8506,6622834ad203ce0014bc1363,0.77,2025-01-20T09:32:19.973Z,,
67df45b2c1cf68c4cbfe5081,12216,662281dbd203ce0014bc134a,1,601adcb1a8ba4141042532c2,63722d1ffaf87162cc48fe46,12091099,784519,800617,,,2024-12-25T16:42:24.703Z,2024-12-25T18:15:19.771Z,676c35f03d8bb300180f851b,6622834ad203ce0014bc1363,16.098,2025-01-20T09:32:19.975Z,,
67df45b2c1cf68c4cbfe5082,12217,662281dbd203ce0014bc134a,1,601adcb1a8ba4141042532c2,63722d1ffaf87162cc48fe46,12091099,784519,,0,0,2024-12-25T16:42:25.884Z,,676c35f13d8bb300180f851e,6622834ad203ce0014bc1363,,,,
67df45b2c1cf68c4cbfe5083,12218,63f7a0792bb4b7001231f198,1,601adcb1a8ba4141042532c2,63722d1ffaf87162cc48fe46,4CC85249,5391648,5404637,1.318,1.318,2024-12-27T14:07:12.444Z,2024-12-27T15:37:32.746Z,676eb4903d8bb300180fb1d5,675086ef3d8bb300180dc488,12.989,2025-01-20T09:32:19.977Z,,
67df45b2c1cf68c4cbfe5084,12222,63f7a0792bb4b7001231f198,1,601adcb1a8ba4141042532c2,63722d1ffaf87162cc48fe46,4D0D9174,5404637,5435483,3.131,3.131,2024-12-30T15:28:25.866Z,2024-12-30T18:25:20.759Z,6772bc1a3d8bb300180ffa12,64538b2e59cf6600123af26a,30.846,2025-01-20T09:32:19.997Z,,
67df45b2c1cf68c4cbfe5085,12224,63f7a0792bb4b7001231f198,1,601adcb1a8ba4141042532c2,63722d1ffaf87162cc48fe46,969791F0,5435483,5447263,1.196,1.196,2025-01-02T08:55:29.263Z,2025-01-02T12:53:17.066Z,677654813d8bb30018103acf,63722d80131fbc00123e2706,11.78,2025-01-20T09:32:20.007Z,,
67df45b2c1cf68c4cbfe5086,12225,662640f0d203ce0014bc5318,1,601adcb1a8ba4141042532c2,63722d1ffaf87162cc48fe46,12091099,1554760,1554784,,,2025-01-02T15:17:36.927Z,2025-01-02T15:17:59.184Z,6776ae103d8bb3001810417c,6622834ad203ce0014bc1363,0.024,2025-01-20T09:32:20.010Z,,
67df45b2c1cf68c4cbfe5087,12226,662640f0d203ce0014bc5318,1,601adcb1a8ba4141042532c2,63722d1ffaf87162cc48fe46,12091099,1554784,1592421,,,2025-01-02T15:18:20.504Z,2025-01-02T20:30:23.949Z,6776ae3c3d8bb3001810418a,6622834ad203ce0014bc1363,37.637,2025-01-20T09:32:20.020Z,,
67df45b2c1cf68c4cbfe5088,12289,63f7a0792bb4b7001231f198,1,601adcb1a8ba4141042532c2,63722d1ffaf87162cc48fe46,4CC85249,5447263,5450733,0.226,0.226,2025-01-04T18:04:35.920Z,2025-01-04T18:27:08.321Z,677978333d8bb300181078d1,675086ef3d8bb300180dc488,3.47,2025-01-20T09:32:20.154Z,,
67df45b2c1cf68c4cbfe5089,12290,63f7a0792bb4b7001231f198,1,601adcb1a8ba4141042532c2,63722d1ffaf87162cc48fe46,969791F0,5450733,5479083,2.878,2.878,2025-01-06T09:00:57.926Z,2025-01-29T14:36:02.040Z,677b9bc93d8bb30018109f95,63722d80131fbc00123e2706,28.35,2025-01-20T09:32:20.156Z,,
67df45b2c1cf68c4cbfe508a,12291,661e9b4ed203ce0014bbce16,1,601adcb1a8ba4141042532c2,63722d1ffaf87162cc48fe46,12091999,326707,327223,,,2025-01-06T14:02:21.716Z,2025-01-06T14:10:22.109Z,677be26d3d8bb3001810a4c2,5f92f8a6aaafd5300493b6d0,0.516,2025-01-20T09:32:20.158Z,,
67df45b2c1cf68c4cbfe508b,12292,661f9fc5d203ce0014bbdfe9,1,601adcb1a8ba4141042532c2,63722d1ffaf87162cc48fe46,12091099,1629251,1649839,,,2025-01-06T16:09:18.474Z,2025-01-06T17:40:27.590Z,677c002e3d8bb3001810a6cb,6622834ad203ce0014bc1363,20.588,2025-01-20T09:32:20.160Z,,
67df45b2c1cf68c4cbfe508c,12293,63f7a0792bb4b7001231f198,1,601adcb1a8ba4141042532c2,63722d1ffaf87162cc48fe46,969791F0,5479083,5483757,0.561,0.561,2025-01-06T16:39:02.283Z,2025-01-06T18:56:42.337Z,677c07263d8bb3001810a751,63722d80131fbc00123e2706,4.674,2025-01-20T09:32:20.161Z,,
67df45b2c1cf68c4cbfe508d,12296,63f7a0792bb4b7001231f198,1,601adcb1a8ba4141042532c2,63722d1ffaf87162cc48fe46,25E45549,5483757,5511581,2.824,2.824,2025-01-07T09:09:55.079Z,2025-01-07T17:25:33.623Z,677cef633d8bb3001810b896,6474a5e94c3f470012aeec9b,27.824,2025-01-20T09:32:20.167Z,,
67df45b2c1cf68c4cbfe508e,12298,661e9b4ed203ce0014bbce16,1,601adcb1a8ba4141042532c2,63722d1ffaf87162cc48fe46,12091999,327223,331279,,,2025-01-08T14:41:26.145Z,2025-01-08T15:35:42.422Z,677e8e963d8bb3001810d6a4,5f92f8a6aaafd5300493b6d0,4.056,2025-01-20T09:32:20.171Z,,
67df45b2c1cf68c4cbfe508f,12299,661e9b4ed203ce0014bbce16,1,601adcb1a8ba4141042532c2,63722d1ffaf87162cc48fe46,12091999,331279,334038,,,2025-01-08T17:01:09.727Z,2025-01-08T17:37:57.394Z,677eaf553d8bb3001810d92a,5f92f8a6aaafd5300493b6d0,2.759,2025-01-20T09:32:20.173Z,,
67df45b2c1cf68c4cbfe5090,12300,63f7a0792bb4b7001231f198,1,601adcb1a8ba4141042532c2,63722d1ffaf87162cc48fe46,4CC85249,5511581,5519630,0.967,0.967,2025-01-08T17:25:40.689Z,2025-01-08T19:02:13.670Z,677eb5143d8bb3001810d93a,675086ef3d8bb300180dc488,8.049,2025-01-20T09:32:20.175Z,,
67df45b2c1cf68c4cbfe5091,12303,63f7a0792bb4b7001231f198,1,601adcb1a8ba4141042532c2,63722d1ffaf87162cc48fe46,B5485549,5519630,5522541,0.295,0.295,2025-01-09T13:29:30.313Z,2025-01-09T14:22:15.870Z,677fcf3a3d8bb3001810edbb,643d70b933af02001273760d,2.911,2025-01-20T09:32:20.180Z,,
67df45b2c1cf68c4cbfe5092,12304,63f7a0792bb4b7001231f198,1,601adcb1a8ba4141042532c2,63722d1ffaf87162cc48fe46,B5485549,5522541,5525329,0.283,0.283,2025-01-09T15:53:20.102Z,2025-01-09T18:25:47.806Z,677ff0f03d8bb3001810f04f,643d70b933af02001273760d,2.788,2025-01-20T09:32:20.181Z,,
67df45b2c1cf68c4cbfe5093,12307,63f7a0792bb4b7001231f198,1,601adcb1a8ba4141042532c2,63722d1ffaf87162cc48fe46,B5485549,5525329,5527923,0.312,0.312,2025-01-10T10:37:15.979Z,2025-01-10T11:24:52.091Z,6780f85b3d8bb30018110407,643d70b933af02001273760d,2.594,2025-01-20T09:32:20.187Z,,
67df45b2c1cf68c4cbfe5094,12308,661e9b4ed203ce0014bbce16,1,601adcb1a8ba4141042532c2,63722d1ffaf87162cc48fe46,12091999,334038,339986,,,2025-01-10T16:04:53.771Z,2025-01-10T17:23:39.717Z,678145253d8bb300181109a1,5f92f8a6aaafd5300493b6d0,5.948,2025-01-20T09:32:20.188Z,,
67df45b2c1cf68c4cbfe5095,12309,63f7a0792bb4b7001231f198,1,601adcb1a8ba4141042532c2,63722d1ffaf87162cc48fe46,4CC85249,5527923,5532431,0.541,0.541,2025-01-10T18:09:25.355Z,2025-01-10T18:42:52.562Z,678162553d8bb30018110ba9,675086ef3d8bb300180dc488,4.508,2025-01-20T09:32:20.190Z,,
67df45b2c1cf68c4cbfe5096,12310,63f7a0792bb4b7001231f198,1,601adcb1a8ba4141042532c2,63722d1ffaf87162cc48fe46,4D0D9174,5532431,5550711,1.855,1.855,2025-01-10T19:37:04.931Z,2025-01-10T21:21:47.307Z,678176e03d8bb30018110d3a,64538b2e59cf6600123af26a,18.28,2025-01-20T09:32:20.192Z,,
67df45b2c1cf68c4cbfe5097,12314,63f7a0792bb4b7001231f198,1,601adcb1a8ba4141042532c2,63722d1ffaf87162cc48fe46,969791F0,5550711,5577718,3.244,3.244,2025-01-13T09:04:58.655Z,2025-01-13T11:38:21.546Z,6784d73a3d8bb30018114b9a,63722d80131fbc00123e2706,27.007,2025-01-20T09:32:20.198Z,,
67df45b2c1cf68c4cbfe5098,12315,661f9fc5d203ce0014bbdfe9,1,601adcb1a8ba4141042532c2,63722d1ffaf87162cc48fe46,12091099,1649839,1785067,,,2025-01-13T09:33:47.794Z,2025-01-13T15:38:10.589Z,6784ddfb3d8bb30018114c2c,6622834ad203ce0014bc1363,135.228,2025-01-20T09:32:20.200Z,,
67df45b2c1cf68c4cbfe5099,12316,661e9b4ed203ce0014bbce16,1,601adcb1a8ba4141042532c2,63722d1ffaf87162cc48fe46,12091999,339986,346738,,,2025-01-13T16:10:46.114Z,2025-01-13T17:40:07.005Z,67853b063d8bb300181152f9,5f92f8a6aaafd5300493b6d0,6.752,2025-01-20T09:32:20.202Z,,
67df45b2c1cf68c4cbfe509a,12317,662640f0d203ce0014bc5318,1,601adcb1a8ba4141042532c2,63722d1ffaf87162cc48fe46,12091099,1592421,1596529,,,2025-01-13T16:27:38.663Z,2025-01-13T17:00:31.894Z,67853efa3d8bb30018115302,6622834ad203ce0014bc1363,4.108,2025-01-20T09:32:20.204Z,,
67df45b2c1cf68c4cbfe509b,12318,661e9b4ed203ce0014bbce16,1,601adcb1a8ba4141042532c2,63722d1ffaf87162cc48fe46,12091999,346738,351693,,,2025-01-14T12:46:30.492Z,2025-01-14T13:52:22.071Z,67865ca63d8bb30018116797,5f92f8a6aaafd5300493b6d0,4.955,2025-01-20T09:32:20.205Z,,
67df45b2c1cf68c4cbfe509c,12319,661e9b4ed203ce0014bbce16,1,601adcb1a8ba4141042532c2,63722d1ffaf87162cc48fe46,12091999,351693,355016,,,2025-01-14T16:05:15.335Z,2025-01-14T16:31:40.085Z,67868b3b3d8bb30018116b28,5f92f8a6aaafd5300493b6d0,3.323,2025-01-20T09:32:20.207Z,,
67df45b2c1cf68c4cbfe509d,12320,661f9fc5d203ce0014bbdfe9,1,601adcb1a8ba4141042532c2,63722d1ffaf87162cc48fe46,12091099,1791206,1807712,,,2025-01-20T09:31:44.751Z,2025-01-20T09:31:46.112Z,678e18000ae8c00149003d1d,6622834ad203ce0014bc1363,16.506,2025-01-22T14:58:24.747Z,,
67df45b2c1cf68c4cbfe509e,12321,662640f0d203ce0014bc5318,1,601adcb1a8ba4141042532c2,63722d1ffaf87162cc48fe46,12091099,1596529,1611319,,,2025-01-20T09:31:47.620Z,2025-01-20T09:31:49.269Z,678e18030ae8c00149003d29,6622834ad203ce0014bc1363,14.79,2025-01-22T14:58:24.749Z,,
67df45b2c1cf68c4cbfe509f,12322,63f7a0792bb4b7001231f198,1,601adcb1a8ba4141042532c2,63722d1ffaf87162cc48fe46,B5485549,5577718,5582033,0.518,0.518,2025-01-20T09:31:54.188Z,2025-01-20T09:32:12.713Z,678e180a0ae8c00149003d3b,643d70b933af02001273760d,4.315,2025-01-22T14:58:24.752Z,,
67df45b2c1cf68c4cbfe50a0,12323,63f7a0792bb4b7001231f198,1,601adcb1a8ba4141042532c2,63722d1ffaf87162cc48fe46,4D0D9174,5582033,5622340,,,2025-01-20T09:32:12.864Z,2025-01-20T09:32:12.960Z,678e181c0ae8c00149003d49,64538b2e59cf6600123af26a,40.307,2025-01-22T14:58:24.754Z,,
67df45b2c1cf68c4cbfe50a1,12324,63f7a0792bb4b7001231f198,1,601adcb1a8ba4141042532c2,63722d1ffaf87162cc48fe46,25E45549,5622340,5636631,,,2025-01-20T09:32:13.076Z,2025-01-20T09:32:13.179Z,678e181d0ae8c00149003d4d,6474a5e94c3f470012aeec9b,14.291,2025-01-22T14:58:24.756Z,,
67df45b2c1cf68c4cbfe50a2,12325,63f7a0792bb4b7001231f198,1,601adcb1a8ba4141042532c2,63722d1ffaf87162cc48fe46,4CC85249,5636631,5647968,,,2025-01-20T09:32:13.290Z,2025-01-20T09:32:13.391Z,678e181d0ae8c00149003d51,675086ef3d8bb300180dc488,11.337,2025-01-22T14:58:24.758Z,,
67df45b2c1cf68c4cbfe50a3,12331,661e9b4ed203ce0014bbce16,1,601adcb1a8ba4141042532c2,63722d1ffaf87162cc48fe46,12091999,362975,368184,,,2025-01-20T15:46:03.820Z,2025-01-20T16:55:05.607Z,678e6fbb0ae8c0014900438d,5f92f8a6aaafd5300493b6d0,5.209,2025-01-22T14:58:24.769Z,,
67df45b2c1cf68c4cbfe50a4,12332,63f7a0792bb4b7001231f198,1,601adcb1a8ba4141042532c2,63722d1ffaf87162cc48fe46,969791F0,5647968,5655936,0.809,0.809,2025-01-20T16:25:28.826Z,2025-01-20T17:11:06.033Z,678e78f80ae8c00149004418,63722d80131fbc00123e2706,7.968,2025-01-22T14:58:24.771Z,,
67df45b2c1cf68c4cbfe50a5,12335,63f7a0792bb4b7001231f198,1,601adcb1a8ba4141042532c2,63722d1ffaf87162cc48fe46,4CC85249,5655936,5663568,0.775,0.775,2025-01-21T15:26:32.635Z,2025-01-21T17:02:37.611Z,678fbca80ae8c00149005c34,675086ef3d8bb300180dc488,7.632,2025-01-22T14:58:24.777Z,,
67df45b2c1cf68c4cbfe50a6,12336,63f7a0792bb4b7001231f198,1,601adcb1a8ba4141042532c2,63722d1ffaf87162cc48fe46,4CC85249,5663568,5670408,0.821,0.821,2025-01-22T08:50:33.398Z,2025-01-22T09:56:10.054Z,6790b1590ae8c00149006d81,675086ef3d8bb300180dc488,6.84,2025-01-22T14:58:24.779Z,,
67df45b2c1cf68c4cbfe50a7,12337,661f9fc5d203ce0014bbdfe9,1,601adcb1a8ba4141042532c2,63722d1ffaf87162cc48fe46,12091099,1809628,1832810,,,2025-01-29T14:35:04.991Z,2025-01-29T14:35:06.323Z,679a3c98b5722200139ec240,6622834ad203ce0014bc1363,23.182,2025-03-05T14:32:17.157Z,,
67df45b2c1cf68c4cbfe50a8,12338,661e9b4ed203ce0014bbce16,1,601adcb1a8ba4141042532c2,63722d1ffaf87162cc48fe46,12091999,384042,389409,,,2025-01-29T14:35:36.587Z,2025-01-29T14:35:37.948Z,679a3cb8b5722200139ec24e,5f92f8a6aaafd5300493b6d0,5.367,2025-03-05T14:32:17.242Z,,
67df45b2c1cf68c4cbfe50a9,12339,63f7a0792bb4b7001231f198,1,601adcb1a8ba4141042532c2,63722d1ffaf87162cc48fe46,969791F0,5670408,5702011,,,2025-01-29T14:36:01.092Z,2025-01-29T14:36:01.193Z,679a3cd1b5722200139ec25c,63722d80131fbc00123e2706,31.603,2025-03-05T14:32:17.328Z,,
67df45b2c1cf68c4cbfe50aa,12340,63f7a0792bb4b7001231f198,1,601adcb1a8ba4141042532c2,63722d1ffaf87162cc48fe46,F51F555D,5702011,5702042,,,2025-01-29T14:36:01.315Z,2025-01-29T14:36:01.454Z,679a3cd1b5722200139ec260,6453b82f82ea136b9458e454,0.031,2025-03-05T14:32:17.413Z,,
67df45b2c1cf68c4cbfe50ab,12341,63f7a0792bb4b7001231f198,1,601adcb1a8ba4141042532c2,63722d1ffaf87162cc48fe46,25E45549,5702042,5729740,,,2025-01-29T14:36:01.653Z,2025-01-29T14:36:01.789Z,679a3cd1b5722200139ec264,6474a5e94c3f470012aeec9b,27.698,2025-03-05T14:32:17.497Z,,
67df45b2c1cf68c4cbfe50ac,12342,63f7a0792bb4b7001231f198,1,601adcb1a8ba4141042532c2,63722d1ffaf87162cc48fe46,969791F0,5729740,,0,0,2025-01-29T14:36:01.932Z,,679a3cd1b5722200139ec268,63722d80131fbc00123e2706,,,,
67df45b2c1cf68c4cbfe50ad,12343,63f7a0792bb4b7001231f198,1,601adcb1a8ba4141042532c2,63722d1ffaf87162cc48fe46,4CC85249,5479083,5490009,1.109,1.109,2025-01-29T14:36:02.558Z,2025-01-29T14:36:04.118Z,679a3cd2b5722200139ec270,675086ef3d8bb300180dc488,10.926,2025-03-05T14:32:17.586Z,,
67df45b2c1cf68c4cbfe50ae,12344,676003833d8bb300180edb2b,1,601adcb1a8ba4141042532c2,63722d1ffaf87162cc48fe46,9C9C1FD9D91C,1805,8621,,,2025-01-29T14:36:11.853Z,2025-01-29T14:36:12.969Z,679a3cdbb5722200139ec27c,6622834ad203ce0014bc1363,6.816,2025-03-05T14:32:17.671Z,,
67df45b2c1cf68c4cbfe50af,12349,661f9fc5d203ce0014bbdfe9,1,601adcb1a8ba4141042532c2,63722d1ffaf87162cc48fe46,12091099,1832810,1874550,,,2025-01-30T08:50:23.912Z,2025-01-30T13:08:25.375Z,679b3d4fb5722200139ed461,6622834ad203ce0014bc1363,41.74,2025-03-05T14:32:18.091Z,,
67df45b2c1cf68c4cbfe50b0,12364,662281dbd203ce0014bc134a,1,601adcb1a8ba4141042532c2,63722d1ffaf87162cc48fe46,12091099,800617,819038,,,2025-02-05T17:06:19.085Z,2025-02-05T18:26:25.855Z,67a39a8bb5722200139f6dc4,6622834ad203ce0014bc1363,18.421,2025-03-05T14:32:19.269Z,,
67df45b2c1cf68c4cbfe50b1,12365,662281dbd203ce0014bc134a,1,601adcb1a8ba4141042532c2,63722d1ffaf87162cc48fe46,12091099,819038,819062,,,2025-02-05T18:52:35.596Z,2025-02-05T18:53:09.036Z,67a3b373b5722200139f6f49,6622834ad203ce0014bc1363,0.024,2025-03-05T14:32:19.354Z,,
67df45b2c1cf68c4cbfe50b2,12366,661f9fc5d203ce0014bbdfe9,1,601adcb1a8ba4141042532c2,63722d1ffaf87162cc48fe46,12091099,1874550,1910242,,,2025-02-06T08:46:28.114Z,2025-02-06T12:35:35.630Z,67a476e4b5722200139f7d05,6622834ad203ce0014bc1363,35.692,2025-03-05T14:32:19.437Z,,
67df45b2c1cf68c4cbfe50b3,12367,63f7a0792bb4b7001231f198,1,601adcb1a8ba4141042532c2,63722d1ffaf87162cc48fe46,25E45549,5490009,5521832,3.23,3.23,2025-02-06T09:02:41.536Z,2025-02-06T18:21:15.422Z,67a47ab1b5722200139f7d90,6474a5e94c3f470012aeec9b,31.823,2025-03-05T14:32:19.521Z,,
67df45b2c1cf68c4cbfe50b4,12369,662640f0d203ce0014bc5318,1,601adcb1a8ba4141042532c2,63722d1ffaf87162cc48fe46,12091099,1611319,1629597,,,2025-02-07T12:34:36.194Z,2025-02-07T16:12:59.835Z,67a5fddcb5722200139f9a38,6622834ad203ce0014bc1363,18.278,2025-03-05T14:32:19.693Z,,
67df45b2c1cf68c4cbfe50b5,12373,662281dbd203ce0014bc134a,1,601adcb1a8ba4141042532c2,63722d1ffaf87162cc48fe46,12091099,819062,819965,,,2025-02-09T11:22:09.367Z,2025-02-09T11:27:39.663Z,67a88fe1b5722200139fc913,6622834ad203ce0014bc1363,0.903,2025-03-05T14:32:20.030Z,,
67df45b2c1cf68c4cbfe50b6,12374,63f7a0792bb4b7001231f198,1,601adcb1a8ba4141042532c2,63722d1ffaf87162cc48fe46,4CC85249,5521833,5529603,0.507,0.507,2025-02-09T21:06:54.857Z,2025-02-09T22:10:10.553Z,67a918eeb5722200139fd2ec,675086ef3d8bb300180dc488,7.77,2025-03-05T14:32:20.114Z,,
67df45b2c1cf68c4cbfe50b7,12375,661f9fc5d203ce0014bbdfe9,1,601adcb1a8ba4141042532c2,63722d1ffaf87162cc48fe46,12091099,1910242,1952297,,,2025-02-10T08:46:01.383Z,2025-02-10T12:39:48.399Z,67a9bcc9b5722200139fde4d,6622834ad203ce0014bc1363,42.055,2025-03-05T14:32:20.209Z,,
67df45b2c1cf68c4cbfe50b8,12376,63f7a0792bb4b7001231f198,1,601adcb1a8ba4141042532c2,63722d1ffaf87162cc48fe46,25E45549,5529603,5555331,2.611,2.611,2025-02-10T08:54:59.322Z,2025-02-10T16:32:01.386Z,67a9bee3b5722200139fde57,6474a5e94c3f470012aeec9b,25.728,2025-03-05T14:32:20.303Z,,
67df45b2c1cf68c4cbfe50b9,12377,662281dbd203ce0014bc134a,1,601adcb1a8ba4141042532c2,63722d1ffaf87162cc48fe46,12091099,819965,834066,,,2025-02-10T20:32:25.546Z,2025-02-10T21:49:46.607Z,67aa6259b5722200139fead8,6622834ad203ce0014bc1363,14.101,2025-03-05T14:32:20.405Z,,
67df45b2c1cf68c4cbfe50ba,12378,661f9fc5d203ce0014bbdfe9,1,601adcb1a8ba4141042532c2,63722d1ffaf87162cc48fe46,12091099,1952297,1963116,,,2025-02-11T14:16:50.298Z,2025-02-11T15:15:32.606Z,67ab5bd2b5722200139ffbf0,6622834ad203ce0014bc1363,10.819,2025-03-05T14:32:20.506Z,,
67df45b2c1cf68c4cbfe50bb,12379,661e9b4ed203ce0014bbce16,1,601adcb1a8ba4141042532c2,63722d1ffaf87162cc48fe46,12091999,389409,416772,,,2025-02-11T21:23:12.281Z,2025-02-12T01:11:01.265Z,67abbfc0b572220013a002ce,5f92f8a6aaafd5300493b6d0,27.363,2025-03-05T14:32:20.623Z,,
67df45b2c1cf68c4cbfe50bc,12380,63f7a0792bb4b7001231f198,1,601adcb1a8ba4141042532c2,63722d1ffaf87162cc48fe46,969791F0,5555331,5574000,1.895,1.895,2025-02-12T15:37:47.807Z,2025-02-12T17:23:03.250Z,67acc04bb572220013a014d8,63722d80131fbc00123e2706,18.669,2025-03-05T14:32:20.727Z,,
67df45b2c1cf68c4cbfe50bd,12381,661e9b4ed203ce0014bbce16,1,601adcb1a8ba4141042532c2,63722d1ffaf87162cc48fe46,12091999,416772,422867,,,2025-02-12T17:22:24.348Z,2025-02-12T18:43:45.826Z,67acd8d0b572220013a01683,5f92f8a6aaafd5300493b6d0,6.095,2025-03-05T14:32:20.826Z,,
67df45b2c1cf68c4cbfe50be,12382,63f7a0792bb4b7001231f198,1,601adcb1a8ba4141042532c2,63722d1ffaf87162cc48fe46,969791F0,5574000,5580781,0.814,0.814,2025-02-12T18:01:26.506Z,2025-02-12T18:40:02.377Z,67ace1f6b572220013a0178b,63722d80131fbc00123e2706,6.781,2025-03-05T14:32:20.927Z,,
67df45b2c1cf68c4cbfe50bf,12384,63f7a0792bb4b7001231f198,1,601adcb1a8ba4141042532c2,63722d1ffaf87162cc48fe46,969791F0,5580781,5596283,1.573,1.573,2025-02-13T15:18:03.375Z,2025-02-13T16:46:10.466Z,67ae0d2bb572220013a02cf6,63722d80131fbc00123e2706,15.502,2025-03-05T14:32:21.100Z,,
67df45b2c1cf68c4cbfe50c0,12385,661e9b4ed203ce0014bbce16,1,601adcb1a8ba4141042532c2,63722d1ffaf87162cc48fe46,12091999,422867,426387,,,2025-02-13T15:51:42.039Z,2025-02-13T17:22:48.751Z,67ae150eb572220013a02d85,5f92f8a6aaafd5300493b6d0,3.52,2025-03-05T14:32:21.183Z,,
67df45b2c1cf68c4cbfe50c1,12386,63f7a0792bb4b7001231f198,1,601adcb1a8ba4141042532c2,63722d1ffaf87162cc48fe46,969791F0,5596283,5603776,0.761,0.761,2025-02-14T09:30:31.116Z,2025-02-14T12:12:45.050Z,67af0d37b572220013a03f31,63722d80131fbc00123e2706,7.493,2025-03-05T14:32:21.267Z,,
67df45b2c1cf68c4cbfe50c2,12387,661f9fc5d203ce0014bbdfe9,1,601adcb1a8ba4141042532c2,63722d1ffaf87162cc48fe46,12091099,1963116,2002603,,,2025-02-14T10:16:28.918Z,2025-02-14T17:09:51.707Z,67af17fcb572220013a03fcb,6622834ad203ce0014bc1363,39.487,2025-03-05T14:32:21.351Z,,
67df45b2c1cf68c4cbfe50c3,12388,676003833d8bb300180edb2b,1,601adcb1a8ba4141042532c2,63722d1ffaf87162cc48fe46,9C9C1FD9D91C,8621,15972,,,2025-02-14T12:06:58.323Z,2025-02-14T13:54:35.572Z,67af31e2b572220013a041ca,6622834ad203ce0014bc1363,7.351,2025-03-05T14:32:21.435Z,,
67df45b2c1cf68c4cbfe50c4,12389,661e9b4ed203ce0014bbce16,1,601adcb1a8ba4141042532c2,63722d1ffaf87162cc48fe46,12091999,426387,437734,,,2025-02-14T15:13:08.802Z,2025-02-14T20:09:36.679Z,67af5d84b572220013a044c5,5f92f8a6aaafd5300493b6d0,11.347,2025-03-05T14:32:21.519Z,,
67df45b2c1cf68c4cbfe50c5,12392,63f7a0792bb4b7001231f198,1,601adcb1a8ba4141042532c2,63722d1ffaf87162cc48fe46,4CC85249,5603776,5619218,1.007,1.007,2025-02-16T14:58:20.833Z,2025-02-16T16:28:20.756Z,67b1fd0cb572220013a0753b,675086ef3d8bb300180dc488,15.442,2025-03-05T14:32:21.771Z,,
67df45b2c1cf68c4cbfe50c6,12393,661e9b4ed203ce0014bbce16,1,601adcb1a8ba4141042532c2,63722d1ffaf87162cc48fe46,12091999,437734,450913,,,2025-02-16T17:52:39.303Z,2025-02-16T19:39:00.733Z,67b225e7b572220013a07858,5f92f8a6aaafd5300493b6d0,13.179,2025-03-05T14:32:21.855Z,,
67df45b2c1cf68c4cbfe50c7,12395,63f7a0792bb4b7001231f198,1,601adcb1a8ba4141042532c2,63722d1ffaf87162cc48fe46,969791F0,5619218,5634199,1.799,1.799,2025-02-17T08:46:14.573Z,2025-02-17T10:11:11.634Z,67b2f756b572220013a08711,63722d80131fbc00123e2706,14.981,2025-03-05T14:32:22.023Z,,
67df45b2c1cf68c4cbfe50c8,12396,661e9b4ed203ce0014bbce16,1,601adcb1a8ba4141042532c2,63722d1ffaf87162cc48fe46,12091999,450913,480028,,,2025-02-17T10:25:17.154Z,2025-02-17T14:19:49.534Z,67b30e8db572220013a088b9,5f92f8a6aaafd5300493b6d0,29.115,2025-03-05T14:32:22.110Z,,
67df45b2c1cf68c4cbfe50c9,12397,63f7a0792bb4b7001231f198,1,601adcb1a8ba4141042532c2,63722d1ffaf87162cc48fe46,F51F555D,5634199,5638737,0.461,0.461,2025-02-17T15:55:37.975Z,2025-02-17T17:14:03.226Z,67b35bf9b572220013a08e1d,6453b82f82ea136b9458e454,4.538,2025-03-05T14:32:22.195Z,,
67df45b2c1cf68c4cbfe50ca,12398,63f7a0792bb4b7001231f198,1,601adcb1a8ba4141042532c2,63722d1ffaf87162cc48fe46,25E45549,5638737,5653204,1.468,1.468,2025-02-18T10:34:23.455Z,2025-02-18T14:50:34.714Z,67b4622fb572220013a0a0cb,6474a5e94c3f470012aeec9b,14.467,2025-03-05T14:32:22.279Z,,
67df45b2c1cf68c4cbfe50cb,12399,661e9b4ed203ce0014bbce16,1,601adcb1a8ba4141042532c2,63722d1ffaf87162cc48fe46,12091999,480028,522805,,,2025-02-18T12:30:14.840Z,2025-02-18T18:39:33.617Z,67b47d56b572220013a0a2f3,5f92f8a6aaafd5300493b6d0,42.777,2025-03-05T14:32:22.363Z,,
67df45b2c1cf68c4cbfe50cc,12400,661e9b4ed203ce0014bbce16,1,601adcb1a8ba4141042532c2,63722d1ffaf87162cc48fe46,12091999,522805,528579,,,2025-02-19T15:23:44.714Z,2025-02-19T16:41:32.000Z,67b5f780b572220013a0bd22,5f92f8a6aaafd5300493b6d0,5.774,2025-03-05T14:32:22.447Z,,
67df45b2c1cf68c4cbfe50cd,12401,63f7a0792bb4b7001231f198,1,601adcb1a8ba4141042532c2,63722d1ffaf87162cc48fe46,969791F0,5653204,5659814,0.671,0.671,2025-02-19T15:48:15.554Z,2025-02-19T16:25:50.468Z,67b5fd3fb572220013a0bda5,63722d80131fbc00123e2706,6.61,2025-03-05T14:32:22.531Z,,
67df45b2c1cf68c4cbfe50ce,12402,63f7a0792bb4b7001231f198,1,601adcb1a8ba4141042532c2,63722d1ffaf87162cc48fe46,969791F0,5659814,5666514,0.68,0.68,2025-02-19T16:25:55.971Z,2025-02-19T17:04:06.752Z,67b60613b572220013a0be41,63722d80131fbc00123e2706,6.7,2025-03-05T14:32:22.615Z,,
67df45b2c1cf68c4cbfe50cf,12403,63f7a0792bb4b7001231f198,1,601adcb1a8ba4141042532c2,63722d1ffaf87162cc48fe46,B5485549,5666514,5669483,0.357,0.357,2025-02-19T17:05:17.058Z,2025-02-19T19:27:51.125Z,67b60f4db572220013a0bf6d,643d70b933af02001273760d,2.969,2025-03-05T14:32:22.699Z,,
67df45b2c1cf68c4cbfe50d0,12404,63f7a0792bb4b7001231f198,1,601adcb1a8ba4141042532c2,63722d1ffaf87162cc48fe46,969791F0,5669483,5672114,0.267,0.267,2025-02-20T16:14:03.193Z,2025-02-20T16:29:09.306Z,67b754cbb572220013a0d5f9,63722d80131fbc00123e2706,2.631,2025-03-05T14:32:22.783Z,,
67df45b2c1cf68c4cbfe50d1,12405,63f7a0792bb4b7001231f198,1,601adcb1a8ba4141042532c2,63722d1ffaf87162cc48fe46,969791F0,5672114,5708893,3.733,3.733,2025-02-21T08:46:19.438Z,2025-02-21T13:10:08.507Z,67b83d5bb572220013a0e615,63722d80131fbc00123e2706,36.779,2025-03-05T14:32:22.867Z,,
67df45b2c1cf68c4cbfe50d2,12406,661e9b4ed203ce0014bbce16,1,601adcb1a8ba4141042532c2,63722d1ffaf87162cc48fe46,12091999,528579,543387,,,2025-02-21T12:20:57.798Z,2025-02-21T17:40:59.709Z,67b86fa9b572220013a0e9e0,5f92f8a6aaafd5300493b6d0,14.808,2025-03-05T14:32:22.951Z,,
67df45b2c1cf68c4cbfe50d3,12407,63f7a0792bb4b7001231f198,1,601adcb1a8ba4141042532c2,63722d1ffaf87162cc48fe46,B5485549,5708893,5709998,0.112,0.112,2025-02-21T17:10:23.518Z,2025-02-21T17:30:10.625Z,67b8b37fb572220013a0eecf,643d70b933af02001273760d,1.105,2025-03-05T14:32:23.036Z,,
67df45b2c1cf68c4cbfe50d4,12408,661e9b4ed203ce0014bbce16,1,601adcb1a8ba4141042532c2,63722d1ffaf87162cc48fe46,12091999,543387,551342,,,2025-02-21T17:58:37.839Z,2025-02-21T19:43:27.100Z,67b8becdb572220013a0ef5f,5f92f8a6aaafd5300493b6d0,7.955,2025-03-05T14:32:23.121Z,,
67df45b2c1cf68c4cbfe50d5,12410,662281dbd203ce0014bc134a,1,601adcb1a8ba4141042532c2,63722d1ffaf87162cc48fe46,12091099,834066,836778,,,2025-02-22T18:10:15.716Z,2025-02-22T18:26:05.658Z,67ba1307b572220013a1081d,6622834ad203ce0014bc1363,2.712,2025-03-05T14:32:23.289Z,,
67df45b2c1cf68c4cbfe50d6,12411,63f7a0792bb4b7001231f198,1,601adcb1a8ba4141042532c2,63722d1ffaf87162cc48fe46,25E45549,5709998,5738491,2.892,2.892,2025-02-24T08:24:24.332Z,2025-02-24T16:46:25.415Z,67bc2cb8b572220013a12d49,6474a5e94c3f470012aeec9b,28.493,2025-03-05T14:32:23.373Z,,
67df45b2c1cf68c4cbfe50d7,12412,662281dbd203ce0014bc134a,1,601adcb1a8ba4141042532c2,63722d1ffaf87162cc48fe46,12091099,836778,889849,,,2025-02-24T10:12:26.870Z,2025-02-24T16:46:49.105Z,67bc460ab572220013a12f73,6622834ad203ce0014bc1363,53.071,2025-03-05T14:32:23.459Z,,
67df45b2c1cf68c4cbfe50d8,12413,661e9b4ed203ce0014bbce16,1,601adcb1a8ba4141042532c2,63722d1ffaf87162cc48fe46,12091999,551342,559460,,,2025-02-24T14:31:53.645Z,2025-02-24T16:55:47.307Z,67bc82d9b572220013a13446,5f92f8a6aaafd5300493b6d0,8.118,2025-03-05T14:32:23.543Z,,
67df45b2c1cf68c4cbfe50d9,12414,63f7a0792bb4b7001231f198,1,601adcb1a8ba4141042532c2,63722d1ffaf87162cc48fe46,969791F0,5738491,5746919,1.012,1.012,2025-02-25T08:52:35.741Z,2025-02-25T09:41:22.475Z,67bd84d3b572220013a14629,63722d80131fbc00123e2706,8.428,2025-03-05T14:32:23.629Z,,
67df45b2c1cf68c4cbfe50da,12415,661f9fc5d203ce0014bbdfe9,1,601adcb1a8ba4141042532c2,63722d1ffaf87162cc48fe46,12091099,2002603,2009691,,,2025-02-25T11:25:07.130Z,2025-02-25T12:03:33.006Z,67bda893b572220013a148bf,6622834ad203ce0014bc1363,7.088,2025-03-05T14:32:23.713Z,,
67df45b2c1cf68c4cbfe50db,12416,661e9b4ed203ce0014bbce16,1,601adcb1a8ba4141042532c2,63722d1ffaf87162cc48fe46,12091999,559460,576988,,,2025-02-25T12:52:54.580Z,2025-02-25T20:35:19.947Z,67bdbd26b572220013a14a40,5f92f8a6aaafd5300493b6d0,17.528,2025-03-05T14:32:23.797Z,,
67df45b2c1cf68c4cbfe50dc,12417,661f9fc5d203ce0014bbdfe9,1,601adcb1a8ba4141042532c2,63722d1ffaf87162cc48fe46,12091099,2009691,2033402,,,2025-02-25T13:21:00.377Z,2025-02-25T15:28:12.327Z,67bdc3bcb572220013a14aca,6622834ad203ce0014bc1363,23.711,2025-03-05T14:32:23.881Z,,
67df45b2c1cf68c4cbfe50dd,12418,63f7a0792bb4b7001231f198,1,601adcb1a8ba4141042532c2,63722d1ffaf87162cc48fe46,EDAAB374,5746919,5768985,2.65,2.65,2025-02-25T15:01:55.985Z,2025-02-25T19:20:38.431Z,67bddb63b572220013a14cd6,67bdd3e8b572220013a14c50,22.066,2025-03-05T14:32:23.965Z,,
67df45b2c1cf68c4cbfe50de,12419,661f9fc5d203ce0014bbdfe9,1,601adcb1a8ba4141042532c2,63722d1ffaf87162cc48fe46,12091099,2033402,2059972,,,2025-02-25T17:51:46.224Z,2025-02-25T20:03:33.793Z,67be0332b572220013a14f86,6622834ad203ce0014bc1363,26.57,2025-03-05T14:32:24.050Z,,
67df45b2c1cf68c4cbfe50df,12420,63f7a0792bb4b7001231f198,1,601adcb1a8ba4141042532c2,63722d1ffaf87162cc48fe46,EDAAB374,5768985,5786394,1.767,1.767,2025-02-26T09:01:20.656Z,2025-02-26T12:41:16.529Z,67bed860b572220013a15ed3,67bdd3e8b572220013a14c50,17.409,2025-03-05T14:32:24.136Z,,
67df45b2c1cf68c4cbfe50e0,12421,661e9b4ed203ce0014bbce16,1,601adcb1a8ba4141042532c2,63722d1ffaf87162cc48fe46,12091999,576988,582315,,,2025-02-26T17:07:00.288Z,2025-02-26T18:29:47.620Z,67bf4a34b572220013a166de,5f92f8a6aaafd5300493b6d0,5.327,2025-03-05T14:32:24.219Z,,
67df45b2c1cf68c4cbfe50e1,12422,63f7a0792bb4b7001231f198,1,601adcb1a8ba4141042532c2,63722d1ffaf87162cc48fe46,25E45549,5786394,5810532,2.45,2.45,2025-02-27T10:44:43.067Z,2025-02-27T17:55:35.454Z,67c0421bb572220013a17800,6474a5e94c3f470012aeec9b,24.138,2025-03-05T14:32:24.303Z,,
67df45b2c1cf68c4cbfe50e2,12423,661e9b4ed203ce0014bbce16,1,601adcb1a8ba4141042532c2,63722d1ffaf87162cc48fe46,12091999,582315,585893,,,2025-02-27T13:20:49.097Z,2025-02-27T14:16:38.655Z,67c066b1b572220013a17abb,5f92f8a6aaafd5300493b6d0,3.578,2025-03-05T14:32:24.387Z,,
67df45b2c1cf68c4cbfe50e3,12424,661e9b4ed203ce0014bbce16,1,601adcb1a8ba4141042532c2,63722d1ffaf87162cc48fe46,12091999,585893,589311,,,2025-02-27T15:36:07.133Z,2025-02-27T16:21:31.371Z,67c08667b572220013a17d6b,5f92f8a6aaafd5300493b6d0,3.418,2025-03-05T14:32:24.471Z,,
67df45b2c1cf68c4cbfe50e4,12425,661e9b4ed203ce0014bbce16,1,601adcb1a8ba4141042532c2,63722d1ffaf87162cc48fe46,12091999,589311,593692,,,2025-02-27T17:25:50.063Z,2025-02-27T19:47:37.890Z,67c0a01eb572220013a17f1f,5f92f8a6aaafd5300493b6d0,4.381,2025-03-05T14:32:24.555Z,,
67df45b2c1cf68c4cbfe50e5,12427,63f7a0792bb4b7001231f198,1,601adcb1a8ba4141042532c2,63722d1ffaf87162cc48fe46,4D0D9174,5810532,5834381,2.864,2.864,2025-02-28T08:48:04.170Z,2025-02-28T18:35:53.231Z,67c17844b572220013a18f06,64538b2e59cf6600123af26a,23.849,2025-03-05T14:32:24.727Z,,
67df45b2c1cf68c4cbfe50e6,12428,661e9b4ed203ce0014bbce16,1,601adcb1a8ba4141042532c2,63722d1ffaf87162cc48fe46,12091999,593692,609595,,,2025-02-28T15:09:15.747Z,2025-02-28T20:34:35.684Z,67c1d19bb572220013a195a3,5f92f8a6aaafd5300493b6d0,15.903,2025-03-05T14:32:24.811Z,,
67df45b2c1cf68c4cbfe50e7,12429,63f7a0792bb4b7001231f198,1,601adcb1a8ba4141042532c2,63722d1ffaf87162cc48fe46,4CC85249,5834381,5847317,0.843,0.843,2025-03-02T15:13:28.303Z,2025-03-02T16:29:23.907Z,67c47598b572220013a1c4ab,675086ef3d8bb300180dc488,12.936,2025-03-05T14:32:24.895Z,,
67df45b2c1cf68c4cbfe50e8,12430,63f7a0792bb4b7001231f198,1,601adcb1a8ba4141042532c2,63722d1ffaf87162cc48fe46,25E45549,5847317,5874099,2.718,2.718,2025-03-03T09:08:08.597Z,2025-03-03T17:01:06.383Z,67c57178b572220013a1d66c,6474a5e94c3f470012aeec9b,26.782,2025-03-05T14:32:24.979Z,,
67df45b2c1cf68c4cbfe50e9,12431,662281dbd203ce0014bc134a,1,601adcb1a8ba4141042532c2,63722d1ffaf87162cc48fe46,12091099,889849,889849,,,2025-03-03T09:27:38.281Z,2025-03-03T09:28:00.495Z,67c5760ab572220013a1d67c,6622834ad203ce0014bc1363,0,2025-03-05T14:32:25.063Z,,
67df45b2c1cf68c4cbfe50ea,12432,661e9b4ed203ce0014bbce16,1,601adcb1a8ba4141042532c2,63722d1ffaf87162cc48fe46,12091999,609595,626871,,,2025-03-03T09:32:28.395Z,2025-03-03T11:48:00.209Z,67c5772cb572220013a1d704,5f92f8a6aaafd5300493b6d0,17.276,2025-03-05T14:32:25.147Z,,
67df45b2c1cf68c4cbfe50eb,12433,662281dbd203ce0014bc134a,1,601adcb1a8ba4141042532c2,63722d1ffaf87162cc48fe46,12091099,889849,931952,,,2025-03-03T09:50:12.979Z,2025-03-03T13:27:22.848Z,67c57b54b572220013a1d715,6622834ad203ce0014bc1363,42.103,2025-03-05T14:32:25.231Z,,
67df45b2c1cf68c4cbfe50ec,12434,676003833d8bb300180edb2b,1,601adcb1a8ba4141042532c2,63722d1ffaf87162cc48fe46,9C9C1FD9D91C,15972,16004,,,2025-03-03T13:54:57.385Z,2025-03-03T13:55:35.544Z,67c5b4b1b572220013a1db76,6622834ad203ce0014bc1363,0.032,2025-03-05T14:32:25.315Z,,
67df45b2c1cf68c4cbfe50ed,12435,676003833d8bb300180edb2b,1,601adcb1a8ba4141042532c2,63722d1ffaf87162cc48fe46,9C9C1FD9D91C,16004,42566,,,2025-03-03T13:55:50.352Z,2025-03-03T19:35:00.975Z,67c5b4e6b572220013a1db81,6622834ad203ce0014bc1363,26.562,2025-03-05T14:32:25.399Z,,
67df45b2c1cf68c4cbfe50ee,12437,63f7a0792bb4b7001231f198,1,601adcb1a8ba4141042532c2,63722d1ffaf87162cc48fe46,4D0D9174,5874099,5888447,1.456,1.456,2025-03-04T08:57:35.279Z,2025-03-04T13:01:10.278Z,67c6c07fb572220013a1ef3c,64538b2e59cf6600123af26a,14.348,2025-03-05T14:32:25.567Z,,
67df45b2c1cf68c4cbfe50ef,12438,662281dbd203ce0014bc134a,1,601adcb1a8ba4141042532c2,63722d1ffaf87162cc48fe46,12091099,931952,942440,,,2025-03-04T13:00:01.773Z,2025-03-04T13:59:06.187Z,67c6f951b572220013a1f42b,6622834ad203ce0014bc1363,10.488,2025-03-05T14:32:25.651Z,,
67df45b2c1cf68c4cbfe50f0,12439,661e9b4ed203ce0014bbce16,1,601adcb1a8ba4141042532c2,63722d1ffaf87162cc48fe46,12091999,626871,649603,,,2025-03-05T13:47:28.331Z,2025-03-05T20:37:48.310Z,67c855f0b572220013a20c49,5f92f8a6aaafd5300493b6d0,22.732,2025-03-06T14:33:36.127Z,,
67df45b2c1cf68c4cbfe50f1,12440,63f7a0792bb4b7001231f198,1,601adcb1a8ba4141042532c2,63722d1ffaf87162cc48fe46,EDAAB374,5888447,5908774,2.063,2.063,2025-03-05T14:42:06.554Z,2025-03-05T16:40:18.375Z,67c862beb572220013a20d4f,67bdd3e8b572220013a14c50,20.327,2025-03-06T14:33:36.129Z,,
67df45b2c1cf68c4cbfe50f2,12441,661f9fc5d203ce0014bbdfe9,1,601adcb1a8ba4141042532c2,63722d1ffaf87162cc48fe46,12091099,2059972,2067191,,,2025-03-05T15:05:45.897Z,2025-03-05T17:05:24.750Z,67c86849b572220013a20de2,6622834ad203ce0014bc1363,7.219,2025-03-06T14:33:36.132Z,,
67df45b2c1cf68c4cbfe50f3,12448,63f7a0792bb4b7001231f198,1,601adcb1a8ba4141042532c2,63722d1ffaf87162cc48fe46,969791F0,5908774,5939964,3.745919,3.745919,2025-03-07T08:47:51.361Z,2025-03-07T11:45:01.344Z,67cab2b79552da00129fc5c1,63722d80131fbc00123e2706,31.19,,,
67df45b2c1cf68c4cbfe50f4,12449,63f7a0792bb4b7001231f198,1,601adcb1a8ba4141042532c2,63722d1ffaf87162cc48fe46,4CC85249,5939964,5942848,0.3463684,0.3463684,2025-03-07T17:59:15.379Z,2025-03-07T19:05:16.335Z,67cb33f39552da00129fcf11,675086ef3d8bb300180dc488,2.884,,,
67df45b2c1cf68c4cbfe50f5,12451,661f9fc5d203ce0014bbdfe9,1,601adcb1a8ba4141042532c2,63722d1ffaf87162cc48fe46,12091099,2067191,2069434,,,2025-03-09T01:45:54.737Z,2025-03-09T01:56:12.488Z,67ccf2d29552da00129fef28,6622834ad203ce0014bc1363,2.243,,,
67df45b2c1cf68c4cbfe50f6,12453,63f7a0792bb4b7001231f198,1,601adcb1a8ba4141042532c2,63722d1ffaf87162cc48fe46,4CC85249,5942848,5948595,0.3747044,0.3747044,2025-03-09T17:07:42.612Z,2025-03-09T18:45:00.663Z,67cdcade9552da00129fff31,675086ef3d8bb300180dc488,5.747,,,
67df45b2c1cf68c4cbfe50f7,12454,63f7a0792bb4b7001231f198,1,601adcb1a8ba4141042532c2,63722d1ffaf87162cc48fe46,EDAAB374,5948595,5970601,2.233609,2.233609,2025-03-10T08:50:18.899Z,2025-03-10T12:40:29.783Z,67cea7ca9552da0012a00f05,67bdd3e8b572220013a14c50,22.006,,,
67df45b2c1cf68c4cbfe50f8,12455,67c9d3c19552da00129fb4d2,1,601adcb1a8ba4141042532c2,63722d1ffaf87162cc48fe46,C79058C3,77,340,0.0315863,0.0315863,2025-03-10T11:23:27.715Z,2025-03-10T11:56:33.025Z,67cecbaf9552da0012a011df,5f8da51211e40422ec85f3aa,0.263,2025-03-10T11:56:32.064Z,2025-03-10T11:56:32.064Z,2025-03-10T11:56:32.064Z
67df45b2c1cf68c4cbfe50f9,12456,67c9d3c19552da00129fb4d2,1,601adcb1a8ba4141042532c2,63722d1ffaf87162cc48fe46,C79058C3,340,345,0.0006005,0.0006005,2025-03-10T11:56:42.036Z,2025-03-10T11:57:34.312Z,67ced37a9552da0012a0128b,5f8da51211e40422ec85f3aa,0.005,2025-03-10T11:57:33.412Z,2025-03-10T11:57:33.413Z,2025-03-10T11:57:33.413Z
67df45b2c1cf68c4cbfe50fa,12457,67c9d3c19552da00129fb4d2,1,601adcb1a8ba4141042532c2,63722d1ffaf87162cc48fe46,C79058C3,345,465,0.01218,0.01218,2025-03-10T12:26:53.250Z,2025-03-10T12:41:49.435Z,67ceda8d9552da0012a01320,5f8da51211e40422ec85f3aa,0.12,2025-03-10T12:41:48.442Z,2025-03-10T12:41:48.442Z,2025-03-10T12:41:48.442Z
67df45b2c1cf68c4cbfe50fb,12466,67c9d3c19552da00129fb4d2,1,601adcb1a8ba4141042532c2,63722d1ffaf87162cc48fe46,C79058C3,465,610,0.0147175,0.0147175,2025-03-10T14:42:35.113Z,2025-03-10T15:00:23.579Z,67cefa5b9552da0012a015cb,5f8da51211e40422ec85f3aa,0.145,2025-03-10T15:00:22.701Z,2025-03-10T15:00:22.701Z,2025-03-10T15:00:22.701Z
67df45b2c1cf68c4cbfe50fc,12467,661e9b4ed203ce0014bbce16,1,601adcb1a8ba4141042532c2,63722d1ffaf87162cc48fe46,12091999,649603,655510,,,2025-03-10T16:16:29.399Z,2025-03-10T17:34:59.975Z,67cf105d9552da0012a0175e,5f92f8a6aaafd5300493b6d0,5.907,,,
67df45b2c1cf68c4cbfe50fd,12468,67c9d3c19552da00129fb4d2,1,601adcb1a8ba4141042532c2,63722d1ffaf87162cc48fe46,C79058C3,610,907,0.0301455,0.0301455,2025-03-10T16:49:02.138Z,2025-03-10T17:26:12.224Z,67cf17fe9552da0012a017e2,5f8da51211e40422ec85f3aa,0.297,2025-03-10T17:26:11.347Z,2025-03-10T17:26:11.347Z,2025-03-10T17:26:11.347Z
67df45b2c1cf68c4cbfe50fe,12469,67c9d3c19552da00129fb4d2,1,601adcb1a8ba4141042532c2,63722d1ffaf87162cc48fe46,C79058C3,907,932,0.0025375,0.0025375,2025-03-10T17:27:51.677Z,2025-03-10T17:31:00.432Z,67cf21179552da0012a0187f,5f8da51211e40422ec85f3aa,0.025,2025-03-10T17:30:59.658Z,2025-03-10T17:30:59.658Z,2025-03-10T17:30:59.658Z
67df45b2c1cf68c4cbfe50ff,12470,63f7a0792bb4b7001231f198,1,601adcb1a8ba4141042532c2,63722d1ffaf87162cc48fe46,969791F0,5970601,6003419,3.331027,3.331027,2025-03-11T08:47:54.278Z,2025-03-11T13:16:42.299Z,67cff8ba9552da0012a02803,63722d80131fbc00123e2706,32.818,,,
67df45b2c1cf68c4cbfe5100,12471,67c9d3c19552da00129fb4d2,1,601adcb1a8ba4141042532c2,63722d1ffaf87162cc48fe46,C79058C3,932,1325,0.0471993,0.0471993,2025-03-11T09:08:28.270Z,2025-03-11T09:55:58.460Z,67cffd8c9552da0012a02899,5f8da51211e40422ec85f3aa,0.393,2025-03-11T09:55:57.584Z,2025-03-11T09:55:57.584Z,2025-03-11T09:55:57.584Z
67df45b2c1cf68c4cbfe5101,12472,661e9b4ed203ce0014bbce16,1,601adcb1a8ba4141042532c2,63722d1ffaf87162cc48fe46,12091999,655510,684411,,,2025-03-11T11:44:45.218Z,2025-03-11T18:51:36.443Z,67d0222d9552da0012a02b71,5f92f8a6aaafd5300493b6d0,28.901,,,
67df45b2c1cf68c4cbfe5102,12473,63f7a0792bb4b7001231f198,1,601adcb1a8ba4141042532c2,63722d1ffaf87162cc48fe46,EDAAB374,6003419,6025251,2.6220232,2.6220232,2025-03-11T14:23:10.687Z,2025-03-11T19:22:32.783Z,67d0474e9552da0012a02e0b,67bdd3e8b572220013a14c50,21.832,,,
67df45b2c1cf68c4cbfe5103,12474,661f9fc5d203ce0014bbdfe9,1,601adcb1a8ba4141042532c2,63722d1ffaf87162cc48fe46,12091099,2069434,2099118,,,2025-03-11T17:53:53.185Z,2025-03-11T20:04:44.796Z,67d078b19552da0012a031c0,6622834ad203ce0014bc1363,29.684,,,
67df45b2c1cf68c4cbfe5104,12476,63f7a0792bb4b7001231f198,1,601adcb1a8ba4141042532c2,63722d1ffaf87162cc48fe46,25E45549,6025251,6055056,3.0252075,3.0252075,2025-03-12T09:13:09.817Z,2025-03-12T18:05:49.265Z,67d150259552da0012a041e7,6474a5e94c3f470012aeec9b,29.805,,,
67df45b2c1cf68c4cbfe5105,12477,661e9b4ed203ce0014bbce16,1,601adcb1a8ba4141042532c2,63722d1ffaf87162cc48fe46,12091999,684411,689871,,,2025-03-12T17:15:19.354Z,2025-03-12T18:27:44.898Z,67d1c1279552da0012a04aa6,5f92f8a6aaafd5300493b6d0,5.46,,,
67df45b2c1cf68c4cbfe5106,12478,63f7a0792bb4b7001231f198,1,601adcb1a8ba4141042532c2,63722d1ffaf87162cc48fe46,4D0D9174,6055056,6094948,4.049038,4.049038,2025-03-13T08:32:34.608Z,2025-03-13T16:50:22.897Z,67d298229552da0012a05a39,64538b2e59cf6600123af26a,39.892,,,
67df45b2c1cf68c4cbfe5107,12479,63f7a0792bb4b7001231f198,1,601adcb1a8ba4141042532c2,63722d1ffaf87162cc48fe46,969791F0,6094948,6102554,0.9134806,0.9134806,2025-03-14T09:28:48.959Z,2025-03-14T10:12:41.604Z,67d3f6d09552da0012a072f0,63722d80131fbc00123e2706,7.606,,,
67df45b2c1cf68c4cbfe5108,12480,661f9fc5d203ce0014bbdfe9,1,601adcb1a8ba4141042532c2,63722d1ffaf87162cc48fe46,12091099,2099118,2113939,,,2025-03-14T11:17:08.089Z,2025-03-14T20:59:47.938Z,67d410349552da0012a07508,6622834ad203ce0014bc1363,14.821,,,
67df45b2c1cf68c4cbfe5109,12481,63f7a0792bb4b7001231f198,1,601adcb1a8ba4141042532c2,63722d1ffaf87162cc48fe46,B5485549,6102554,6102554,,,2025-03-14T13:46:45.055Z,2025-03-14T13:46:52.501Z,67d433459552da0012a0778d,643d70b933af02001273760d,0,,,
67df45b2c1cf68c4cbfe510a,12482,63f7a0792bb4b7001231f198,1,601adcb1a8ba4141042532c2,63722d1ffaf87162cc48fe46,B5485549,6102554,6102554,,,2025-03-14T13:46:58.385Z,2025-03-14T13:47:05.982Z,67d433529552da0012a07796,643d70b933af02001273760d,0,,,
67df45b2c1cf68c4cbfe510b,12483,63f7a0792bb4b7001231f198,1,601adcb1a8ba4141042532c2,63722d1ffaf87162cc48fe46,B5485549,6102554,6104329,0.1801625,0.1801625,2025-03-14T13:47:19.740Z,2025-03-14T14:57:22.167Z,67d433679552da0012a077a0,643d70b933af02001273760d,1.775,,,
67df45b2c1cf68c4cbfe510c,12484,661e9b4ed203ce0014bbce16,1,601adcb1a8ba4141042532c2,63722d1ffaf87162cc48fe46,12091999,689871,699085,,,2025-03-14T17:57:00.192Z,2025-03-14T20:27:03.309Z,67d46dec9552da0012a07baf,5f92f8a6aaafd5300493b6d0,9.214,,,
67df45b2c1cf68c4cbfe510d,12487,662281dbd203ce0014bc134a,1,601adcb1a8ba4141042532c2,63722d1ffaf87162cc48fe46,12091099,942440,956619,,,2025-03-16T15:41:55.235Z,2025-03-16T17:08:11.422Z,67d6f1439552da0012a0aa75,6622834ad203ce0014bc1363,14.179,,,
67df45b2c1cf68c4cbfe510e,12490,63f7a0792bb4b7001231f198,1,601adcb1a8ba4141042532c2,63722d1ffaf87162cc48fe46,25E45549,6104329,6129273,2.531816,2.531816,2025-03-17T08:45:51.957Z,2025-03-17T16:10:04.387Z,67d7e13f9552da0012a0bc9d,6474a5e94c3f470012aeec9b,24.944,,,
67df45b2c1cf68c4cbfe510f,12491,661e9b4ed203ce0014bbce16,1,601adcb1a8ba4141042532c2,63722d1ffaf87162cc48fe46,12091999,699085,704420,,,2025-03-17T10:00:12.754Z,2025-03-17T10:42:24.076Z,67d7f2ac9552da0012a0be4c,5f92f8a6aaafd5300493b6d0,5.335,,,
67df45b2c1cf68c4cbfe5110,12492,662281dbd203ce0014bc134a,1,601adcb1a8ba4141042532c2,63722d1ffaf87162cc48fe46,12091099,956619,982646,,,2025-03-17T10:21:50.448Z,2025-03-17T12:40:49.617Z,67d7f7be9552da0012a0be62,6622834ad203ce0014bc1363,26.027,,,
67df45b2c1cf68c4cbfe5111,12493,661e9b4ed203ce0014bbce16,1,601adcb1a8ba4141042532c2,63722d1ffaf87162cc48fe46,12091999,704420,714346,,,2025-03-17T14:51:48.508Z,2025-03-17T16:09:57.790Z,67d837049552da0012a0c353,5f92f8a6aaafd5300493b6d0,9.926,,,
67df45b2c1cf68c4cbfe5112,12494,662281dbd203ce0014bc134a,1,601adcb1a8ba4141042532c2,63722d1ffaf87162cc48fe46,12091099,982646,986617,,,2025-03-17T15:27:28.059Z,2025-03-17T15:45:08.019Z,67d83f609552da0012a0c3ed,6622834ad203ce0014bc1363,3.971,,,
67df45b2c1cf68c4cbfe5113,12495,662281dbd203ce0014bc134a,1,601adcb1a8ba4141042532c2,63722d1ffaf87162cc48fe46,12091099,986617,1002595,,,2025-03-17T19:28:35.017Z,2025-03-17T20:38:03.852Z,67d877e39552da0012a0c80f,6622834ad203ce0014bc1363,15.978,,,
67df45b2c1cf68c4cbfe5114,12496,661e9b4ed203ce0014bbce16,1,601adcb1a8ba4141042532c2,63722d1ffaf87162cc48fe46,12091999,714346,715949,,,2025-03-18T08:38:16.914Z,2025-03-18T08:59:56.497Z,67d930f89552da0012a0d57a,5f92f8a6aaafd5300493b6d0,1.603,,,
67df45b2c1cf68c4cbfe5115,12497,661f9fc5d203ce0014bbdfe9,1,601adcb1a8ba4141042532c2,63722d1ffaf87162cc48fe46,12091099,2113939,2148062,,,2025-03-18T10:31:49.939Z,2025-03-18T13:34:53.851Z,67d94b959552da0012a0d785,6622834ad203ce0014bc1363,34.123,,,
67df45b2c1cf68c4cbfe5116,12501,63f7a0792bb4b7001231f198,1,601adcb1a8ba4141042532c2,63722d1ffaf87162cc48fe46,EDAAB374,6129273,6150590,2.5601717,2.5601717,2025-03-18T15:15:30.288Z,2025-03-18T19:37:30.510Z,67d98e129552da0012a0dd37,67bdd3e8b572220013a14c50,21.317,,,
67df45b2c1cf68c4cbfe5117,12502,661e9b4ed203ce0014bbce16,1,601adcb1a8ba4141042532c2,63722d1ffaf87162cc48fe46,12091999,715949,724749,,,2025-03-18T18:10:45.055Z,2025-03-18T20:08:40.630Z,67d9b7259552da0012a0e0a6,5f92f8a6aaafd5300493b6d0,8.8,,,
67df45b2c1cf68c4cbfe5118,12506,661e9b4ed203ce0014bbce16,1,601adcb1a8ba4141042532c2,63722d1ffaf87162cc48fe46,12091999,724749,737931,,,2025-03-19T09:17:22.560Z,2025-03-19T11:03:49.478Z,67da8ba29552da0012a0f342,5f92f8a6aaafd5300493b6d0,13.182,,,
67df45b2c1cf68c4cbfe5119,12508,661e9b4ed203ce0014bbce16,1,601adcb1a8ba4141042532c2,63722d1ffaf87162cc48fe46,12091999,737931,742797,,,2025-03-19T15:26:30.927Z,2025-03-19T16:31:12.262Z,67dae2269552da0012a0f9d5,5f92f8a6aaafd5300493b6d0,4.866,,,
67df45b2c1cf68c4cbfe511a,12509,661e9b4ed203ce0014bbce16,1,601adcb1a8ba4141042532c2,63722d1ffaf87162cc48fe46,12091999,742797,747343,,,2025-03-19T17:06:09.445Z,2025-03-19T18:42:47.688Z,67daf9819552da0012a0fc0b,5f92f8a6aaafd5300493b6d0,4.546,,,
67df45b2c1cf68c4cbfe511b,12511,63f7a0792bb4b7001231f198,1,601adcb1a8ba4141042532c2,63722d1ffaf87162cc48fe46,25E45549,6150590,6182095,3.1977575,3.1977575,2025-03-20T08:54:00.128Z,2025-03-20T18:15:07.115Z,67dbd7a89552da0012a10c06,6474a5e94c3f470012aeec9b,31.505,,,
67df45b2c1cf68c4cbfe511c,12512,661f9fc5d203ce0014bbdfe9,1,601adcb1a8ba4141042532c2,63722d1ffaf87162cc48fe46,12091099,2148062,2161315,,,2025-03-20T10:40:01.237Z,2025-03-20T20:50:41.724Z,67dbf0819552da0012a10e5d,6622834ad203ce0014bc1363,13.253,,,
67df45b2c1cf68c4cbfe511d,12513,661e9b4ed203ce0014bbce16,1,601adcb1a8ba4141042532c2,63722d1ffaf87162cc48fe46,12091999,747343,751670,,,2025-03-20T13:35:29.009Z,2025-03-20T14:32:52.627Z,67dc19a19552da0012a11287,5f92f8a6aaafd5300493b6d0,4.327,,,
67df45b2c1cf68c4cbfe511e,12515,661e9b4ed203ce0014bbce16,1,601adcb1a8ba4141042532c2,63722d1ffaf87162cc48fe46,12091999,751670,761651,,,2025-03-20T17:46:46.575Z,2025-03-20T20:02:58.428Z,67dc54869552da0012a11737,5f92f8a6aaafd5300493b6d0,9.981,,,
67df45b2c1cf68c4cbfe511f,12518,63f7a0792bb4b7001231f198,1,601adcb1a8ba4141042532c2,63722d1ffaf87162cc48fe46,4D0D9174,6182095,6227908,4.6500195,4.6500195,2025-03-21T08:43:06.545Z,2025-03-21T16:25:45.999Z,67dd269a9552da0012a1284d,64538b2e59cf6600123af26a,45.813,,,
67df45b2c1cf68c4cbfe5120,12519,662281dbd203ce0014bc134a,1,601adcb1a8ba4141042532c2,63722d1ffaf87162cc48fe46,12091099,1002595,1057441,,,2025-03-21T09:22:06.390Z,2025-03-21T11:48:19.963Z,67dd2fbe9552da0012a128ef,6622834ad203ce0014bc1363,54.846,,,
67df45b2c1cf68c4cbfe5121,12520,661e9b4ed203ce0014bbce16,1,601adcb1a8ba4141042532c2,63722d1ffaf87162cc48fe46,12091999,761651,768574,,,2025-03-21T14:48:47.914Z,2025-03-21T18:58:12.344Z,67dd7c4f9552da0012a12ecf,5f92f8a6aaafd5300493b6d0,6.923,,,
67df45b2c1cf68c4cbfe5122,12522,662281dbd203ce0014bc134a,1,601adcb1a8ba4141042532c2,63722d1ffaf87162cc48fe46,12091099,1057441,1074020,,,2025-03-21T16:18:28.742Z,2025-03-21T17:30:39.479Z,67dd91549552da0012a13075,6622834ad203ce0014bc1363,16.579,,,
67df45b2c1cf68c4cbfe5123,12527,661e9b4ed203ce0014bbce16,1,601adcb1a8ba4141042532c2,63722d1ffaf87162cc48fe46,12091999,768574,770088,,,2025-03-22T17:19:53.815Z,2025-03-22T17:40:33.868Z,67def1399552da0012a149fb,5f92f8a6aaafd5300493b6d0,1.514,,,
67df45b2c1cf68c4cbfe5124,12528,661f9fc5d203ce0014bbdfe9,1,601adcb1a8ba4141042532c2,63722d1ffaf87162cc48fe46,12091099,2161315,2167436,,,2025-03-22T18:03:14.090Z,2025-03-22T18:37:35.769Z,67defb629552da0012a14b1a,6622834ad203ce0014bc1363,6.121,,,
